<annotation>
	<folder>sailboat</folder>
	<filename>abendstimmung-sunset-evening-sky-817715.jpg</filename>
	<path>C:\Users\51-9302\Desktop\BTRD\BTRD\sailboat\abendstimmung-sunset-evening-sky-817715.jpg</path>
	<source>
		<database>Unknown</database>
	</source>
	<size>
		<width>1280</width>
		<height>850</height>
		<depth>3</depth>
	</size>
	<segmented>0</segmented>
	<object>
		<name>sailboat</name>
		<pose>Unspecified</pose>
		<truncated>0</truncated>
		<difficult>0</difficult>
		<bndbox>
			<xmin>805</xmin>
			<ymin>321</ymin>
			<xmax>1077</xmax>
			<ymax>672</ymax>
		</bndbox>
	</object>
</annotation>
