<annotation>
	<folder>kayak</folder>
	<filename>action-active-boat-two-excitement-kayak--20459.jpg</filename>
	<path>C:\Users\51-9302\Desktop\BTRD\BTRD\kayak\action-active-boat-two-excitement-kayak--20459.jpg</path>
	<source>
		<database>Unknown</database>
	</source>
	<size>
		<width>1280</width>
		<height>853</height>
		<depth>3</depth>
	</size>
	<segmented>0</segmented>
	<object>
		<name>kayak</name>
		<pose>Unspecified</pose>
		<truncated>0</truncated>
		<difficult>0</difficult>
		<bndbox>
			<xmin>850</xmin>
			<ymin>643</ymin>
			<xmax>1148</xmax>
			<ymax>745</ymax>
		</bndbox>
	</object>
	<object>
		<name>kayak</name>
		<pose>Unspecified</pose>
		<truncated>0</truncated>
		<difficult>0</difficult>
		<bndbox>
			<xmin>166</xmin>
			<ymin>459</ymin>
			<xmax>665</xmax>
			<ymax>574</ymax>
		</bndbox>
	</object>
</annotation>
