<annotation>
	<folder>sailboat</folder>
	<filename>activity-adventure-boat-cruise-3602690.jpg</filename>
	<path>C:\Users\51-9302\Desktop\BTRD\BTRD\sailboat\activity-adventure-boat-cruise-3602690.jpg</path>
	<source>
		<database>Unknown</database>
	</source>
	<size>
		<width>1280</width>
		<height>1280</height>
		<depth>3</depth>
	</size>
	<segmented>0</segmented>
	<object>
		<name>sailboat</name>
		<pose>Unspecified</pose>
		<truncated>0</truncated>
		<difficult>0</difficult>
		<bndbox>
			<xmin>212</xmin>
			<ymin>234</ymin>
			<xmax>1071</xmax>
			<ymax>1063</ymax>
		</bndbox>
	</object>
</annotation>
