<annotation>
	<folder>kayak</folder>
	<filename>adventure-water-boat-canoeing-call-2674523.jpg</filename>
	<path>C:\Users\51-9302\Desktop\BTRD\BTRD\kayak\adventure-water-boat-canoeing-call-2674523.jpg</path>
	<source>
		<database>Unknown</database>
	</source>
	<size>
		<width>1280</width>
		<height>960</height>
		<depth>3</depth>
	</size>
	<segmented>0</segmented>
	<object>
		<name>kayak</name>
		<pose>Unspecified</pose>
		<truncated>0</truncated>
		<difficult>0</difficult>
		<bndbox>
			<xmin>602</xmin>
			<ymin>385</ymin>
			<xmax>710</xmax>
			<ymax>458</ymax>
		</bndbox>
	</object>
</annotation>
