<annotation>
	<folder>kayak</folder>
	<filename>adventure-boat-canoe-fun-kayak-lake-outd-1867074.jpg</filename>
	<path>C:\Users\51-9302\Desktop\BTRD\BTRD\kayak\adventure-boat-canoe-fun-kayak-lake-outd-1867074.jpg</path>
	<source>
		<database>Unknown</database>
	</source>
	<size>
		<width>1280</width>
		<height>854</height>
		<depth>3</depth>
	</size>
	<segmented>0</segmented>
	<object>
		<name>kayak</name>
		<pose>Unspecified</pose>
		<truncated>0</truncated>
		<difficult>0</difficult>
		<bndbox>
			<xmin>40</xmin>
			<ymin>552</ymin>
			<xmax>751</xmax>
			<ymax>801</ymax>
		</bndbox>
	</object>
</annotation>
