<annotation>
	<folder>cruise ship</folder>
	<filename>adventure-of-the-seas-cruise-ship-caribb-1218316.jpg</filename>
	<path>C:\Users\51-9302\Desktop\BTRD\BTRD\cruise ship\adventure-of-the-seas-cruise-ship-caribb-1218316.jpg</path>
	<source>
		<database>Unknown</database>
	</source>
	<size>
		<width>1280</width>
		<height>720</height>
		<depth>3</depth>
	</size>
	<segmented>0</segmented>
	<object>
		<name>cruiseship</name>
		<pose>Unspecified</pose>
		<truncated>0</truncated>
		<difficult>0</difficult>
		<bndbox>
			<xmin>367</xmin>
			<ymin>253</ymin>
			<xmax>1000</xmax>
			<ymax>523</ymax>
		</bndbox>
	</object>
</annotation>
