<annotation>
	<folder>kayak</folder>
	<filename>adventure-clear-water-exercise-1836601.jpg</filename>
	<path>C:\Users\51-9302\Desktop\BTRD\BTRD\kayak\adventure-clear-water-exercise-1836601.jpg</path>
	<source>
		<database>Unknown</database>
	</source>
	<size>
		<width>1280</width>
		<height>853</height>
		<depth>3</depth>
	</size>
	<segmented>0</segmented>
	<object>
		<name>kayak</name>
		<pose>Unspecified</pose>
		<truncated>0</truncated>
		<difficult>0</difficult>
		<bndbox>
			<xmin>501</xmin>
			<ymin>439</ymin>
			<xmax>769</xmax>
			<ymax>703</ymax>
		</bndbox>
	</object>
</annotation>
