<annotation>
	<folder>ferry boat</folder>
	<filename>africa-river-botswana-water-landscape-na-172697.jpg</filename>
	<path>C:\Users\51-9302\Desktop\BTRD\BTRD\ferry boat\africa-river-botswana-water-landscape-na-172697.jpg</path>
	<source>
		<database>Unknown</database>
	</source>
	<size>
		<width>1280</width>
		<height>960</height>
		<depth>3</depth>
	</size>
	<segmented>0</segmented>
	<object>
		<name>ferryboat</name>
		<pose>Unspecified</pose>
		<truncated>0</truncated>
		<difficult>0</difficult>
		<bndbox>
			<xmin>643</xmin>
			<ymin>419</ymin>
			<xmax>864</xmax>
			<ymax>515</ymax>
		</bndbox>
	</object>
</annotation>
