<annotation>
	<folder>cruise ship</folder>
	<filename>aida-driving-cruise-ship-sea-night-114556.jpg</filename>
	<path>C:\Users\51-9302\Desktop\BTRD\BTRD\cruise ship\aida-driving-cruise-ship-sea-night-114556.jpg</path>
	<source>
		<database>Unknown</database>
	</source>
	<size>
		<width>1280</width>
		<height>960</height>
		<depth>3</depth>
	</size>
	<segmented>0</segmented>
	<object>
		<name>cruiseship</name>
		<pose>Unspecified</pose>
		<truncated>0</truncated>
		<difficult>0</difficult>
		<bndbox>
			<xmin>23</xmin>
			<ymin>322</ymin>
			<xmax>1276</xmax>
			<ymax>555</ymax>
		</bndbox>
	</object>
</annotation>
