<annotation>
	<folder>cruise ship</folder>
	<filename>aida-ship-driving-cruise-ship-sea-51186.jpg</filename>
	<path>C:\Users\51-9302\Desktop\BTRD\BTRD\cruise ship\aida-ship-driving-cruise-ship-sea-51186.jpg</path>
	<source>
		<database>Unknown</database>
	</source>
	<size>
		<width>1280</width>
		<height>853</height>
		<depth>3</depth>
	</size>
	<segmented>0</segmented>
	<object>
		<name>cruiseship</name>
		<pose>Unspecified</pose>
		<truncated>0</truncated>
		<difficult>0</difficult>
		<bndbox>
			<xmin>6</xmin>
			<ymin>24</ymin>
			<xmax>1271</xmax>
			<ymax>535</ymax>
		</bndbox>
	</object>
</annotation>
