<annotation>
	<folder>cruise ship</folder>
	<filename>aida-ship-cruise-vacations-port-802359.jpg</filename>
	<path>C:\Users\51-9302\Desktop\BTRD\BTRD\cruise ship\aida-ship-cruise-vacations-port-802359.jpg</path>
	<source>
		<database>Unknown</database>
	</source>
	<size>
		<width>1280</width>
		<height>960</height>
		<depth>3</depth>
	</size>
	<segmented>0</segmented>
	<object>
		<name>cruiseship</name>
		<pose>Unspecified</pose>
		<truncated>1</truncated>
		<difficult>0</difficult>
		<bndbox>
			<xmin>1</xmin>
			<ymin>318</ymin>
			<xmax>1213</xmax>
			<ymax>686</ymax>
		</bndbox>
	</object>
</annotation>
