<annotation>
	<folder>cruise ship</folder>
	<filename>aida-sol-cruise-ship-port-ship-652338.jpg</filename>
	<path>C:\Users\51-9302\Desktop\BTRD\BTRD\cruise ship\aida-sol-cruise-ship-port-ship-652338.jpg</path>
	<source>
		<database>Unknown</database>
	</source>
	<size>
		<width>1280</width>
		<height>885</height>
		<depth>3</depth>
	</size>
	<segmented>0</segmented>
	<object>
		<name>cruiseship</name>
		<pose>Unspecified</pose>
		<truncated>0</truncated>
		<difficult>0</difficult>
		<bndbox>
			<xmin>37</xmin>
			<ymin>79</ymin>
			<xmax>1252</xmax>
			<ymax>647</ymax>
		</bndbox>
	</object>
</annotation>
