<annotation>
	<folder>cruise ship</folder>
	<filename>aida-port-palma-mallorca-spanish-3116976.jpg</filename>
	<path>C:\Users\51-9302\Desktop\BTRD\BTRD\cruise ship\aida-port-palma-mallorca-spanish-3116976.jpg</path>
	<source>
		<database>Unknown</database>
	</source>
	<size>
		<width>1280</width>
		<height>960</height>
		<depth>3</depth>
	</size>
	<segmented>0</segmented>
	<object>
		<name>cruiseship</name>
		<pose>Unspecified</pose>
		<truncated>0</truncated>
		<difficult>0</difficult>
		<bndbox>
			<xmin>346</xmin>
			<ymin>100</ymin>
			<xmax>1247</xmax>
			<ymax>806</ymax>
		</bndbox>
	</object>
</annotation>
