<annotation>
	<folder>cruise ship</folder>
	<filename>aidaluna-warnemnde-germany-cruise-ship--1435536.jpg</filename>
	<path>C:\Users\51-9302\Desktop\BTRD\BTRD\cruise ship\aidaluna-warnemnde-germany-cruise-ship--1435536.jpg</path>
	<source>
		<database>Unknown</database>
	</source>
	<size>
		<width>1280</width>
		<height>853</height>
		<depth>3</depth>
	</size>
	<segmented>0</segmented>
	<object>
		<name>cruiseship</name>
		<pose>Unspecified</pose>
		<truncated>0</truncated>
		<difficult>0</difficult>
		<bndbox>
			<xmin>84</xmin>
			<ymin>27</ymin>
			<xmax>1003</xmax>
			<ymax>792</ymax>
		</bndbox>
	</object>
</annotation>
