<annotation>
	<folder>buoy</folder>
	<filename>alaska-ocean-warning-light-sea-2574393.jpg</filename>
	<path>C:\Users\51-9302\Desktop\BTRD\buoy\alaska-ocean-warning-light-sea-2574393.jpg</path>
	<source>
		<database>Unknown</database>
	</source>
	<size>
		<width>960</width>
		<height>1280</height>
		<depth>3</depth>
	</size>
	<segmented>0</segmented>
	<object>
		<name>buoy</name>
		<pose>Unspecified</pose>
		<truncated>0</truncated>
		<difficult>0</difficult>
		<bndbox>
			<xmin>124</xmin>
			<ymin>269</ymin>
			<xmax>617</xmax>
			<ymax>941</ymax>
		</bndbox>
	</object>
</annotation>
