<annotation>
	<folder>cruise ship</folder>
	<filename>alaska-fjord-ship-cruise-landscape-2666217.jpg</filename>
	<path>C:\Users\51-9302\Desktop\BTRD\BTRD\cruise ship\alaska-fjord-ship-cruise-landscape-2666217.jpg</path>
	<source>
		<database>Unknown</database>
	</source>
	<size>
		<width>1280</width>
		<height>960</height>
		<depth>3</depth>
	</size>
	<segmented>0</segmented>
	<object>
		<name>cruiseship</name>
		<pose>Unspecified</pose>
		<truncated>0</truncated>
		<difficult>0</difficult>
		<bndbox>
			<xmin>507</xmin>
			<ymin>598</ymin>
			<xmax>558</xmax>
			<ymax>638</ymax>
		</bndbox>
	</object>
</annotation>
