<annotation>
	<folder>sailboat</folder>
	<filename>albin-express-sailboat-regatta-top-mark--971506.jpg</filename>
	<path>C:\Users\51-9302\Desktop\BTRD\BTRD\sailboat\albin-express-sailboat-regatta-top-mark--971506.jpg</path>
	<source>
		<database>Unknown</database>
	</source>
	<size>
		<width>1280</width>
		<height>848</height>
		<depth>3</depth>
	</size>
	<segmented>0</segmented>
	<object>
		<name>sailboat</name>
		<pose>Unspecified</pose>
		<truncated>0</truncated>
		<difficult>0</difficult>
		<bndbox>
			<xmin>838</xmin>
			<ymin>4</ymin>
			<xmax>1039</xmax>
			<ymax>768</ymax>
		</bndbox>
	</object>
	<object>
		<name>sailboat</name>
		<pose>Unspecified</pose>
		<truncated>0</truncated>
		<difficult>0</difficult>
		<bndbox>
			<xmin>450</xmin>
			<ymin>103</ymin>
			<xmax>661</xmax>
			<ymax>723</ymax>
		</bndbox>
	</object>
	<object>
		<name>sailboat</name>
		<pose>Unspecified</pose>
		<truncated>0</truncated>
		<difficult>0</difficult>
		<bndbox>
			<xmin>19</xmin>
			<ymin>8</ymin>
			<xmax>241</xmax>
			<ymax>773</ymax>
		</bndbox>
	</object>
	<object>
		<name>sailboat</name>
		<pose>Unspecified</pose>
		<truncated>0</truncated>
		<difficult>0</difficult>
		<bndbox>
			<xmin>1141</xmin>
			<ymin>338</ymin>
			<xmax>1239</xmax>
			<ymax>688</ymax>
		</bndbox>
	</object>
	<object>
		<name>sailboat</name>
		<pose>Unspecified</pose>
		<truncated>0</truncated>
		<difficult>0</difficult>
		<bndbox>
			<xmin>651</xmin>
			<ymin>360</ymin>
			<xmax>767</xmax>
			<ymax>681</ymax>
		</bndbox>
	</object>
</annotation>
