<annotation>
	<folder>sailboat</folder>
	<filename>alpine-lake-beach-tops-the-alps-3565476.jpg</filename>
	<path>C:\Users\51-9302\Desktop\BTRD\BTRD\sailboat\alpine-lake-beach-tops-the-alps-3565476.jpg</path>
	<source>
		<database>Unknown</database>
	</source>
	<size>
		<width>1280</width>
		<height>853</height>
		<depth>3</depth>
	</size>
	<segmented>0</segmented>
	<object>
		<name>sailboat</name>
		<pose>Unspecified</pose>
		<truncated>0</truncated>
		<difficult>0</difficult>
		<bndbox>
			<xmin>594</xmin>
			<ymin>4</ymin>
			<xmax>1152</xmax>
			<ymax>794</ymax>
		</bndbox>
	</object>
</annotation>
