<annotation>
	<folder>sailboat</folder>
	<filename>america-boat-flag-ocean-sailboat-sea-shi-1298037.jpg</filename>
	<path>C:\Users\51-9302\Desktop\BTRD\BTRD\sailboat\america-boat-flag-ocean-sailboat-sea-shi-1298037.jpg</path>
	<source>
		<database>Unknown</database>
	</source>
	<size>
		<width>1280</width>
		<height>1026</height>
		<depth>3</depth>
	</size>
	<segmented>0</segmented>
	<object>
		<name>sailboat</name>
		<pose>Unspecified</pose>
		<truncated>1</truncated>
		<difficult>0</difficult>
		<bndbox>
			<xmin>19</xmin>
			<ymin>36</ymin>
			<xmax>1227</xmax>
			<ymax>1026</ymax>
		</bndbox>
	</object>
</annotation>
