<annotation>
	<folder>sailboat</folder>
	<filename>anchored-boats-ocean-nautical-sailboat-b-2047077.jpg</filename>
	<path>C:\Users\51-9302\Desktop\BTRD\BTRD\sailboat\anchored-boats-ocean-nautical-sailboat-b-2047077.jpg</path>
	<source>
		<database>Unknown</database>
	</source>
	<size>
		<width>1280</width>
		<height>853</height>
		<depth>3</depth>
	</size>
	<segmented>0</segmented>
	<object>
		<name>sailboat</name>
		<pose>Unspecified</pose>
		<truncated>0</truncated>
		<difficult>0</difficult>
		<bndbox>
			<xmin>225</xmin>
			<ymin>99</ymin>
			<xmax>576</xmax>
			<ymax>690</ymax>
		</bndbox>
	</object>
	<object>
		<name>sailboat</name>
		<pose>Unspecified</pose>
		<truncated>0</truncated>
		<difficult>0</difficult>
		<bndbox>
			<xmin>809</xmin>
			<ymin>329</ymin>
			<xmax>1063</xmax>
			<ymax>656</ymax>
		</bndbox>
	</object>
	<object>
		<name>sailboat</name>
		<pose>Unspecified</pose>
		<truncated>0</truncated>
		<difficult>0</difficult>
		<bndbox>
			<xmin>556</xmin>
			<ymin>466</ymin>
			<xmax>702</xmax>
			<ymax>650</ymax>
		</bndbox>
	</object>
	<object>
		<name>sailboat</name>
		<pose>Unspecified</pose>
		<truncated>0</truncated>
		<difficult>0</difficult>
		<bndbox>
			<xmin>127</xmin>
			<ymin>398</ymin>
			<xmax>274</xmax>
			<ymax>659</ymax>
		</bndbox>
	</object>
</annotation>
