<annotation>
	<folder>buoy</folder>
	<filename>anchor-warp-rope-buoy-beach-2881563.jpg</filename>
	<path>C:\Users\51-9302\Desktop\BTRD\buoy\anchor-warp-rope-buoy-beach-2881563.jpg</path>
	<source>
		<database>Unknown</database>
	</source>
	<size>
		<width>1280</width>
		<height>853</height>
		<depth>3</depth>
	</size>
	<segmented>0</segmented>
	<object>
		<name>buoy</name>
		<pose>Unspecified</pose>
		<truncated>0</truncated>
		<difficult>0</difficult>
		<bndbox>
			<xmin>682</xmin>
			<ymin>190</ymin>
			<xmax>887</xmax>
			<ymax>385</ymax>
		</bndbox>
	</object>
	<object>
		<name>buoy</name>
		<pose>Unspecified</pose>
		<truncated>0</truncated>
		<difficult>0</difficult>
		<bndbox>
			<xmin>870</xmin>
			<ymin>241</ymin>
			<xmax>1231</xmax>
			<ymax>571</ymax>
		</bndbox>
	</object>
</annotation>
