<annotation>
	<folder>ferry boat</folder>
	<filename>apostle-island-ferry-3524075.jpg</filename>
	<path>C:\Users\51-9302\Desktop\BTRD\BTRD\ferry boat\apostle-island-ferry-3524075.jpg</path>
	<source>
		<database>Unknown</database>
	</source>
	<size>
		<width>1280</width>
		<height>854</height>
		<depth>3</depth>
	</size>
	<segmented>0</segmented>
	<object>
		<name>ferryboat</name>
		<pose>Unspecified</pose>
		<truncated>0</truncated>
		<difficult>0</difficult>
		<bndbox>
			<xmin>424</xmin>
			<ymin>162</ymin>
			<xmax>1009</xmax>
			<ymax>624</ymax>
		</bndbox>
	</object>
</annotation>
