<annotation>
	<folder>gondola</folder>
	<filename>architecture-building-river-truss-3686707.jpg</filename>
	<path>C:\Users\51-9302\Desktop\BTRD\BTRD\gondola\architecture-building-river-truss-3686707.jpg</path>
	<source>
		<database>Unknown</database>
	</source>
	<size>
		<width>1280</width>
		<height>426</height>
		<depth>3</depth>
	</size>
	<segmented>0</segmented>
	<object>
		<name>gondola</name>
		<pose>Unspecified</pose>
		<truncated>0</truncated>
		<difficult>0</difficult>
		<bndbox>
			<xmin>191</xmin>
			<ymin>355</ymin>
			<xmax>484</xmax>
			<ymax>412</ymax>
		</bndbox>
	</object>
</annotation>
