<annotation>
	<folder>sailboat</folder>
	<filename>architecture-buildings-city-cityscape-cl-1839097.jpg</filename>
	<path>C:\Users\51-9302\Desktop\BTRD\BTRD\sailboat\architecture-buildings-city-cityscape-cl-1839097.jpg</path>
	<source>
		<database>Unknown</database>
	</source>
	<size>
		<width>1280</width>
		<height>720</height>
		<depth>3</depth>
	</size>
	<segmented>0</segmented>
	<object>
		<name>sailboat</name>
		<pose>Unspecified</pose>
		<truncated>0</truncated>
		<difficult>0</difficult>
		<bndbox>
			<xmin>528</xmin>
			<ymin>636</ymin>
			<xmax>596</xmax>
			<ymax>703</ymax>
		</bndbox>
	</object>
</annotation>
