<annotation>
	<folder>sailboat</folder>
	<filename>archipelago-sailboat-mast-boats-434809.jpg</filename>
	<path>C:\Users\51-9302\Desktop\BTRD\BTRD\sailboat\archipelago-sailboat-mast-boats-434809.jpg</path>
	<source>
		<database>Unknown</database>
	</source>
	<size>
		<width>832</width>
		<height>1280</height>
		<depth>3</depth>
	</size>
	<segmented>0</segmented>
	<object>
		<name>sailboat</name>
		<pose>Unspecified</pose>
		<truncated>0</truncated>
		<difficult>0</difficult>
		<bndbox>
			<xmin>146</xmin>
			<ymin>409</ymin>
			<xmax>214</xmax>
			<ymax>641</ymax>
		</bndbox>
	</object>
	<object>
		<name>sailboat</name>
		<pose>Unspecified</pose>
		<truncated>0</truncated>
		<difficult>0</difficult>
		<bndbox>
			<xmin>287</xmin>
			<ymin>387</ymin>
			<xmax>348</xmax>
			<ymax>649</ymax>
		</bndbox>
	</object>
	<object>
		<name>sailboat</name>
		<pose>Unspecified</pose>
		<truncated>0</truncated>
		<difficult>0</difficult>
		<bndbox>
			<xmin>644</xmin>
			<ymin>181</ymin>
			<xmax>782</xmax>
			<ymax>654</ymax>
		</bndbox>
	</object>
</annotation>
