<annotation>
	<folder>cruise ship</folder>
	<filename>astor-cruise-ship-seafaring-cruise-3428016.jpg</filename>
	<path>C:\Users\51-9302\Desktop\BTRD\BTRD\cruise ship\astor-cruise-ship-seafaring-cruise-3428016.jpg</path>
	<source>
		<database>Unknown</database>
	</source>
	<size>
		<width>1280</width>
		<height>790</height>
		<depth>3</depth>
	</size>
	<segmented>0</segmented>
	<object>
		<name>cruiseship</name>
		<pose>Unspecified</pose>
		<truncated>0</truncated>
		<difficult>0</difficult>
		<bndbox>
			<xmin>57</xmin>
			<ymin>126</ymin>
			<xmax>1219</xmax>
			<ymax>575</ymax>
		</bndbox>
	</object>
</annotation>
