<annotation>
	<folder>sailboat</folder>
	<filename>astronira-sea-sailing-ship-gouache-paint-213674.jpg</filename>
	<path>C:\Users\51-9302\Desktop\BTRD\BTRD\sailboat\astronira-sea-sailing-ship-gouache-paint-213674.jpg</path>
	<source>
		<database>Unknown</database>
	</source>
	<size>
		<width>1020</width>
		<height>1280</height>
		<depth>3</depth>
	</size>
	<segmented>0</segmented>
	<object>
		<name>sailboat</name>
		<pose>Unspecified</pose>
		<truncated>0</truncated>
		<difficult>0</difficult>
		<bndbox>
			<xmin>206</xmin>
			<ymin>259</ymin>
			<xmax>822</xmax>
			<ymax>1007</ymax>
		</bndbox>
	</object>
</annotation>
