<annotation>
	<folder>kayak</folder>
	<filename>atoll-barrier-beach-blue-canoeing-2674441.jpg</filename>
	<path>C:\Users\51-9302\Desktop\BTRD\BTRD\kayak\atoll-barrier-beach-blue-canoeing-2674441.jpg</path>
	<source>
		<database>Unknown</database>
	</source>
	<size>
		<width>1280</width>
		<height>960</height>
		<depth>3</depth>
	</size>
	<segmented>0</segmented>
	<object>
		<name>kayak</name>
		<pose>Unspecified</pose>
		<truncated>1</truncated>
		<difficult>0</difficult>
		<bndbox>
			<xmin>412</xmin>
			<ymin>497</ymin>
			<xmax>1280</xmax>
			<ymax>960</ymax>
		</bndbox>
	</object>
</annotation>
