<annotation>
	<folder>cruise ship</folder>
	<filename>auckland-new-zealand-dawn-princess-2369525.jpg</filename>
	<path>C:\Users\51-9302\Desktop\BTRD\BTRD\cruise ship\auckland-new-zealand-dawn-princess-2369525.jpg</path>
	<source>
		<database>Unknown</database>
	</source>
	<size>
		<width>1280</width>
		<height>720</height>
		<depth>3</depth>
	</size>
	<segmented>0</segmented>
	<object>
		<name>cruiseship</name>
		<pose>Unspecified</pose>
		<truncated>0</truncated>
		<difficult>0</difficult>
		<bndbox>
			<xmin>302</xmin>
			<ymin>420</ymin>
			<xmax>775</xmax>
			<ymax>578</ymax>
		</bndbox>
	</object>
</annotation>
