<annotation>
	<folder>gondola</folder>
	<filename>aveiro-gondolas-river-2725323.jpg</filename>
	<path>C:\Users\51-9302\Desktop\BTRD\BTRD\gondola\aveiro-gondolas-river-2725323.jpg</path>
	<source>
		<database>Unknown</database>
	</source>
	<size>
		<width>1280</width>
		<height>853</height>
		<depth>3</depth>
	</size>
	<segmented>0</segmented>
	<object>
		<name>gondola</name>
		<pose>Unspecified</pose>
		<truncated>0</truncated>
		<difficult>0</difficult>
		<bndbox>
			<xmin>129</xmin>
			<ymin>527</ymin>
			<xmax>988</xmax>
			<ymax>706</ymax>
		</bndbox>
	</object>
</annotation>
