<annotation>
	<folder>sailboat</folder>
	<filename>bahrain-sky-clouds-sailboats-sea-ocean-w-89828.jpg</filename>
	<path>C:\Users\51-9302\Desktop\BTRD\BTRD\sailboat\bahrain-sky-clouds-sailboats-sea-ocean-w-89828.jpg</path>
	<source>
		<database>Unknown</database>
	</source>
	<size>
		<width>1280</width>
		<height>914</height>
		<depth>3</depth>
	</size>
	<segmented>0</segmented>
	<object>
		<name>sailboat</name>
		<pose>Unspecified</pose>
		<truncated>0</truncated>
		<difficult>0</difficult>
		<bndbox>
			<xmin>374</xmin>
			<ymin>64</ymin>
			<xmax>1076</xmax>
			<ymax>875</ymax>
		</bndbox>
	</object>
</annotation>
