<annotation>
	<folder>cruise ship</folder>
	<filename>balmoral-cruise-ship-cruise-ship-shippin-574704.jpg</filename>
	<path>C:\Users\51-9302\Desktop\BTRD\BTRD\cruise ship\balmoral-cruise-ship-cruise-ship-shippin-574704.jpg</path>
	<source>
		<database>Unknown</database>
	</source>
	<size>
		<width>1280</width>
		<height>765</height>
		<depth>3</depth>
	</size>
	<segmented>0</segmented>
	<object>
		<name>cruiseship</name>
		<pose>Unspecified</pose>
		<truncated>0</truncated>
		<difficult>0</difficult>
		<bndbox>
			<xmin>14</xmin>
			<ymin>228</ymin>
			<xmax>1260</xmax>
			<ymax>751</ymax>
		</bndbox>
	</object>
</annotation>
