<annotation>
	<folder>gondola</folder>
	<filename>bamberg-gondola-small-venice-243510.jpg</filename>
	<path>C:\Users\51-9302\Desktop\BTRD\BTRD\gondola\bamberg-gondola-small-venice-243510.jpg</path>
	<source>
		<database>Unknown</database>
	</source>
	<size>
		<width>1280</width>
		<height>960</height>
		<depth>3</depth>
	</size>
	<segmented>0</segmented>
	<object>
		<name>gondola</name>
		<pose>Unspecified</pose>
		<truncated>0</truncated>
		<difficult>0</difficult>
		<bndbox>
			<xmin>530</xmin>
			<ymin>712</ymin>
			<xmax>1043</xmax>
			<ymax>883</ymax>
		</bndbox>
	</object>
</annotation>
