<annotation>
	<folder>freight boat</folder>
	<filename>barges-canal-sunset-dusk-evening-719975.jpg</filename>
	<path>C:\Users\51-9302\Desktop\BTRD\BTRD\freight boat\barges-canal-sunset-dusk-evening-719975.jpg</path>
	<source>
		<database>Unknown</database>
	</source>
	<size>
		<width>1280</width>
		<height>880</height>
		<depth>3</depth>
	</size>
	<segmented>0</segmented>
	<object>
		<name>freightboat</name>
		<pose>Unspecified</pose>
		<truncated>0</truncated>
		<difficult>0</difficult>
		<bndbox>
			<xmin>462</xmin>
			<ymin>476</ymin>
			<xmax>749</xmax>
			<ymax>724</ymax>
		</bndbox>
	</object>
	<object>
		<name>freightboat</name>
		<pose>Unspecified</pose>
		<truncated>0</truncated>
		<difficult>0</difficult>
		<bndbox>
			<xmin>293</xmin>
			<ymin>416</ymin>
			<xmax>483</xmax>
			<ymax>510</ymax>
		</bndbox>
	</object>
	<object>
		<name>freightboat</name>
		<pose>Unspecified</pose>
		<truncated>0</truncated>
		<difficult>0</difficult>
		<bndbox>
			<xmin>480</xmin>
			<ymin>386</ymin>
			<xmax>646</xmax>
			<ymax>478</ymax>
		</bndbox>
	</object>
	<object>
		<name>freightboat</name>
		<pose>Unspecified</pose>
		<truncated>0</truncated>
		<difficult>0</difficult>
		<bndbox>
			<xmin>596</xmin>
			<ymin>374</ymin>
			<xmax>719</xmax>
			<ymax>434</ymax>
		</bndbox>
	</object>
</annotation>
