<annotation>
	<folder>sailboat</folder>
	<filename>battleship-pirate-ship-sailboat-warship--1688093.jpg</filename>
	<path>C:\Users\51-9302\Desktop\BTRD\BTRD\sailboat\battleship-pirate-ship-sailboat-warship--1688093.jpg</path>
	<source>
		<database>Unknown</database>
	</source>
	<size>
		<width>1280</width>
		<height>720</height>
		<depth>3</depth>
	</size>
	<segmented>0</segmented>
	<object>
		<name>sailboat</name>
		<pose>Unspecified</pose>
		<truncated>0</truncated>
		<difficult>0</difficult>
		<bndbox>
			<xmin>351</xmin>
			<ymin>108</ymin>
			<xmax>999</xmax>
			<ymax>502</ymax>
		</bndbox>
	</object>
</annotation>
