<annotation>
	<folder>kayak</folder>
	<filename>beach-seacoast-shore-kayak-sea-1244720.jpg</filename>
	<path>C:\Users\51-9302\Desktop\BTRD\BTRD\kayak\beach-seacoast-shore-kayak-sea-1244720.jpg</path>
	<source>
		<database>Unknown</database>
	</source>
	<size>
		<width>1280</width>
		<height>960</height>
		<depth>3</depth>
	</size>
	<segmented>0</segmented>
	<object>
		<name>kayak</name>
		<pose>Unspecified</pose>
		<truncated>0</truncated>
		<difficult>0</difficult>
		<bndbox>
			<xmin>516</xmin>
			<ymin>594</ymin>
			<xmax>1146</xmax>
			<ymax>684</ymax>
		</bndbox>
	</object>
</annotation>
