<annotation>
	<folder>ferry boat</folder>
	<filename>beach-beautiful-blue-boat-cruise-3741909.jpg</filename>
	<path>C:\Users\51-9302\Desktop\BTRD\BTRD\ferry boat\beach-beautiful-blue-boat-cruise-3741909.jpg</path>
	<source>
		<database>Unknown</database>
	</source>
	<size>
		<width>1280</width>
		<height>853</height>
		<depth>3</depth>
	</size>
	<segmented>0</segmented>
	<object>
		<name>ferryboat</name>
		<pose>Unspecified</pose>
		<truncated>0</truncated>
		<difficult>0</difficult>
		<bndbox>
			<xmin>238</xmin>
			<ymin>581</ymin>
			<xmax>550</xmax>
			<ymax>720</ymax>
		</bndbox>
	</object>
</annotation>
