<annotation>
	<folder>kayak</folder>
	<filename>beach-mar-ocean-sky-umbrella-2014143.jpg</filename>
	<path>C:\Users\51-9302\Desktop\BTRD\BTRD\kayak\beach-mar-ocean-sky-umbrella-2014143.jpg</path>
	<source>
		<database>Unknown</database>
	</source>
	<size>
		<width>1280</width>
		<height>718</height>
		<depth>3</depth>
	</size>
	<segmented>0</segmented>
	<object>
		<name>kayak</name>
		<pose>Unspecified</pose>
		<truncated>1</truncated>
		<difficult>0</difficult>
		<bndbox>
			<xmin>252</xmin>
			<ymin>516</ymin>
			<xmax>527</xmax>
			<ymax>718</ymax>
		</bndbox>
	</object>
	<object>
		<name>kayak</name>
		<pose>Unspecified</pose>
		<truncated>0</truncated>
		<difficult>0</difficult>
		<bndbox>
			<xmin>386</xmin>
			<ymin>518</ymin>
			<xmax>835</xmax>
			<ymax>694</ymax>
		</bndbox>
	</object>
</annotation>
