<annotation>
	<folder>kayak</folder>
	<filename>beach-ocean-summer-landscape-2920655.jpg</filename>
	<path>C:\Users\51-9302\Desktop\BTRD\BTRD\kayak\beach-ocean-summer-landscape-2920655.jpg</path>
	<source>
		<database>Unknown</database>
	</source>
	<size>
		<width>1280</width>
		<height>853</height>
		<depth>3</depth>
	</size>
	<segmented>0</segmented>
	<object>
		<name>kayak</name>
		<pose>Unspecified</pose>
		<truncated>0</truncated>
		<difficult>0</difficult>
		<bndbox>
			<xmin>2</xmin>
			<ymin>414</ymin>
			<xmax>1275</xmax>
			<ymax>516</ymax>
		</bndbox>
	</object>
</annotation>
