<annotation>
	<folder>buoy</folder>
	<filename>beach-buoy-w-water-sea-ocean-1042883.jpg</filename>
	<path>C:\Users\51-9302\Desktop\BTRD\buoy\beach-buoy-w-water-sea-ocean-1042883.jpg</path>
	<source>
		<database>Unknown</database>
	</source>
	<size>
		<width>1280</width>
		<height>847</height>
		<depth>3</depth>
	</size>
	<segmented>0</segmented>
	<object>
		<name>buoy</name>
		<pose>Unspecified</pose>
		<truncated>0</truncated>
		<difficult>0</difficult>
		<bndbox>
			<xmin>628</xmin>
			<ymin>37</ymin>
			<xmax>1048</xmax>
			<ymax>782</ymax>
		</bndbox>
	</object>
</annotation>
