<annotation>
	<folder>kayak</folder>
	<filename>beach-sea-ocean-sunset-boats-1208504.jpg</filename>
	<path>C:\Users\51-9302\Desktop\BTRD\BTRD\kayak\beach-sea-ocean-sunset-boats-1208504.jpg</path>
	<source>
		<database>Unknown</database>
	</source>
	<size>
		<width>1280</width>
		<height>853</height>
		<depth>3</depth>
	</size>
	<segmented>0</segmented>
	<object>
		<name>kayak</name>
		<pose>Unspecified</pose>
		<truncated>0</truncated>
		<difficult>0</difficult>
		<bndbox>
			<xmin>13</xmin>
			<ymin>553</ymin>
			<xmax>730</xmax>
			<ymax>791</ymax>
		</bndbox>
	</object>
</annotation>
