<annotation>
	<folder>buoy</folder>
	<filename>beacon-lighthouse-coast-navigation-39232.jpg</filename>
	<path>C:\Users\51-9302\Desktop\BTRD\buoy\beacon-lighthouse-coast-navigation-39232.jpg</path>
	<source>
		<database>Unknown</database>
	</source>
	<size>
		<width>649</width>
		<height>1280</height>
		<depth>3</depth>
	</size>
	<segmented>0</segmented>
	<object>
		<name>buoy</name>
		<pose>Unspecified</pose>
		<truncated>1</truncated>
		<difficult>0</difficult>
		<bndbox>
			<xmin>1</xmin>
			<ymin>6</ymin>
			<xmax>642</xmax>
			<ymax>1280</ymax>
		</bndbox>
	</object>
</annotation>
