<annotation>
	<folder>cruise ship</folder>
	<filename>beautiful-landscape-cruise-boat-sailing--1966730.jpg</filename>
	<path>C:\Users\51-9302\Desktop\BTRD\BTRD\cruise ship\beautiful-landscape-cruise-boat-sailing--1966730.jpg</path>
	<source>
		<database>Unknown</database>
	</source>
	<size>
		<width>1280</width>
		<height>853</height>
		<depth>3</depth>
	</size>
	<segmented>0</segmented>
	<object>
		<name>cruiseship</name>
		<pose>Unspecified</pose>
		<truncated>0</truncated>
		<difficult>0</difficult>
		<bndbox>
			<xmin>132</xmin>
			<ymin>531</ymin>
			<xmax>1114</xmax>
			<ymax>736</ymax>
		</bndbox>
	</object>
</annotation>
