<annotation>
	<folder>cruise ship</folder>
	<filename>bilbao-port-ship-cruise-1216612.jpg</filename>
	<path>C:\Users\51-9302\Desktop\BTRD\BTRD\cruise ship\bilbao-port-ship-cruise-1216612.jpg</path>
	<source>
		<database>Unknown</database>
	</source>
	<size>
		<width>1280</width>
		<height>853</height>
		<depth>3</depth>
	</size>
	<segmented>0</segmented>
	<object>
		<name>cruiseship</name>
		<pose>Unspecified</pose>
		<truncated>0</truncated>
		<difficult>0</difficult>
		<bndbox>
			<xmin>96</xmin>
			<ymin>273</ymin>
			<xmax>1264</xmax>
			<ymax>579</ymax>
		</bndbox>
	</object>
</annotation>
