<annotation>
	<folder>sailboat</folder>
	<filename>bird-s-eye-view-yacht-sea-sailboats-wate-2133661.jpg</filename>
	<path>C:\Users\51-9302\Desktop\BTRD\BTRD\sailboat\bird-s-eye-view-yacht-sea-sailboats-wate-2133661.jpg</path>
	<source>
		<database>Unknown</database>
	</source>
	<size>
		<width>1280</width>
		<height>720</height>
		<depth>3</depth>
	</size>
	<segmented>0</segmented>
	<object>
		<name>sailboat</name>
		<pose>Unspecified</pose>
		<truncated>0</truncated>
		<difficult>0</difficult>
		<bndbox>
			<xmin>71</xmin>
			<ymin>174</ymin>
			<xmax>548</xmax>
			<ymax>524</ymax>
		</bndbox>
	</object>
</annotation>
