<annotation>
	<folder>buoy</folder>
	<filename>blue-buoy-float-navigation-ocean-20511.jpg</filename>
	<path>C:\Users\51-9302\Desktop\BTRD\buoy\blue-buoy-float-navigation-ocean-20511.jpg</path>
	<source>
		<database>Unknown</database>
	</source>
	<size>
		<width>1280</width>
		<height>853</height>
		<depth>3</depth>
	</size>
	<segmented>0</segmented>
	<object>
		<name>buoy</name>
		<pose>Unspecified</pose>
		<truncated>0</truncated>
		<difficult>0</difficult>
		<bndbox>
			<xmin>842</xmin>
			<ymin>312</ymin>
			<xmax>941</xmax>
			<ymax>440</ymax>
		</bndbox>
	</object>
</annotation>
