<annotation>
	<folder>sailboat</folder>
	<filename>blue-boat-freedom-horizon-ocean-84588.jpg</filename>
	<path>C:\Users\51-9302\Desktop\BTRD\BTRD\sailboat\blue-boat-freedom-horizon-ocean-84588.jpg</path>
	<source>
		<database>Unknown</database>
	</source>
	<size>
		<width>1280</width>
		<height>719</height>
		<depth>3</depth>
	</size>
	<segmented>0</segmented>
	<object>
		<name>sailboat</name>
		<pose>Unspecified</pose>
		<truncated>0</truncated>
		<difficult>0</difficult>
		<bndbox>
			<xmin>725</xmin>
			<ymin>155</ymin>
			<xmax>966</xmax>
			<ymax>487</ymax>
		</bndbox>
	</object>
</annotation>
