<annotation>
	<folder>sailboat</folder>
	<filename>blue-boat-freedom-horizon-ocean-2878.jpg</filename>
	<path>C:\Users\51-9302\Desktop\BTRD\BTRD\sailboat\blue-boat-freedom-horizon-ocean-2878.jpg</path>
	<source>
		<database>Unknown</database>
	</source>
	<size>
		<width>1280</width>
		<height>853</height>
		<depth>3</depth>
	</size>
	<segmented>0</segmented>
	<object>
		<name>sailboat</name>
		<pose>Unspecified</pose>
		<truncated>0</truncated>
		<difficult>0</difficult>
		<bndbox>
			<xmin>762</xmin>
			<ymin>426</ymin>
			<xmax>805</xmax>
			<ymax>548</ymax>
		</bndbox>
	</object>
</annotation>
