<annotation>
	<folder>inflatable boat</folder>
	<filename>boat-port-reflections-water-1397551.jpg</filename>
	<path>C:\Users\51-9302\Desktop\BTRD\BTRD\inflatable boat\boat-port-reflections-water-1397551.jpg</path>
	<source>
		<database>Unknown</database>
	</source>
	<size>
		<width>1280</width>
		<height>853</height>
		<depth>3</depth>
	</size>
	<segmented>0</segmented>
	<object>
		<name>inflatableboat</name>
		<pose>Unspecified</pose>
		<truncated>0</truncated>
		<difficult>0</difficult>
		<bndbox>
			<xmin>212</xmin>
			<ymin>370</ymin>
			<xmax>981</xmax>
			<ymax>560</ymax>
		</bndbox>
	</object>
</annotation>
