<annotation>
	<folder>kayak</folder>
	<filename>boat-kayak-inuit-transportation-kayaking-145550.jpg</filename>
	<path>C:\Users\51-9302\Desktop\BTRD\BTRD\kayak\boat-kayak-inuit-transportation-kayaking-145550.jpg</path>
	<source>
		<database>Unknown</database>
	</source>
	<size>
		<width>1280</width>
		<height>640</height>
		<depth>1</depth>
	</size>
	<segmented>0</segmented>
	<object>
		<name>kayak</name>
		<pose>Unspecified</pose>
		<truncated>0</truncated>
		<difficult>0</difficult>
		<bndbox>
			<xmin>5</xmin>
			<ymin>218</ymin>
			<xmax>1268</xmax>
			<ymax>403</ymax>
		</bndbox>
	</object>
</annotation>
