<annotation>
	<folder>sailboat</folder>
	<filename>boat-sailboat-lake-water-nature-sail-sai-933055.jpg</filename>
	<path>C:\Users\51-9302\Desktop\BTRD\BTRD\sailboat\boat-sailboat-lake-water-nature-sail-sai-933055.jpg</path>
	<source>
		<database>Unknown</database>
	</source>
	<size>
		<width>1280</width>
		<height>853</height>
		<depth>3</depth>
	</size>
	<segmented>0</segmented>
	<object>
		<name>sailboat</name>
		<pose>Unspecified</pose>
		<truncated>1</truncated>
		<difficult>0</difficult>
		<bndbox>
			<xmin>202</xmin>
			<ymin>1</ymin>
			<xmax>813</xmax>
			<ymax>672</ymax>
		</bndbox>
	</object>
</annotation>
