<annotation>
	<folder>gondola</folder>
	<filename>boat-gondola-grand-canal-june-summer-ita-834501.jpg</filename>
	<path>C:\Users\51-9302\Desktop\BTRD\BTRD\gondola\boat-gondola-grand-canal-june-summer-ita-834501.jpg</path>
	<source>
		<database>Unknown</database>
	</source>
	<size>
		<width>1280</width>
		<height>960</height>
		<depth>3</depth>
	</size>
	<segmented>0</segmented>
	<object>
		<name>gondola</name>
		<pose>Unspecified</pose>
		<truncated>0</truncated>
		<difficult>0</difficult>
		<bndbox>
			<xmin>97</xmin>
			<ymin>494</ymin>
			<xmax>1171</xmax>
			<ymax>788</ymax>
		</bndbox>
	</object>
</annotation>
