<annotation>
	<folder>kayak</folder>
	<filename>boat-beach-kayak-landscape-summer-3754830.jpg</filename>
	<path>C:\Users\51-9302\Desktop\BTRD\BTRD\kayak\boat-beach-kayak-landscape-summer-3754830.jpg</path>
	<source>
		<database>Unknown</database>
	</source>
	<size>
		<width>953</width>
		<height>853</height>
		<depth>3</depth>
	</size>
	<segmented>0</segmented>
	<object>
		<name>kayak</name>
		<pose>Unspecified</pose>
		<truncated>1</truncated>
		<difficult>0</difficult>
		<bndbox>
			<xmin>346</xmin>
			<ymin>620</ymin>
			<xmax>953</xmax>
			<ymax>853</ymax>
		</bndbox>
	</object>
</annotation>
