<annotation>
	<folder>paper boat</folder>
	<filename>boat-meet-friends-fight-lego-3617330.jpg</filename>
	<path>C:\Users\51-9302\Desktop\BTRD\BTRD\paper boat\boat-meet-friends-fight-lego-3617330.jpg</path>
	<source>
		<database>Unknown</database>
	</source>
	<size>
		<width>1280</width>
		<height>853</height>
		<depth>3</depth>
	</size>
	<segmented>0</segmented>
	<object>
		<name>paperboat</name>
		<pose>Unspecified</pose>
		<truncated>1</truncated>
		<difficult>0</difficult>
		<bndbox>
			<xmin>4</xmin>
			<ymin>120</ymin>
			<xmax>1111</xmax>
			<ymax>853</ymax>
		</bndbox>
	</object>
</annotation>
