<annotation>
	<folder>paper boat</folder>
	<filename>boat-paper-origami-craft-35129.jpg</filename>
	<path>C:\Users\51-9302\Desktop\BTRD\BTRD\paper boat\boat-paper-origami-craft-35129.jpg</path>
	<source>
		<database>Unknown</database>
	</source>
	<size>
		<width>1280</width>
		<height>1110</height>
		<depth>3</depth>
	</size>
	<segmented>0</segmented>
	<object>
		<name>paperboat</name>
		<pose>Unspecified</pose>
		<truncated>1</truncated>
		<difficult>0</difficult>
		<bndbox>
			<xmin>1</xmin>
			<ymin>335</ymin>
			<xmax>1280</xmax>
			<ymax>836</ymax>
		</bndbox>
	</object>
</annotation>
