<annotation>
	<folder>sailboat</folder>
	<filename>boat-coast-island-nature-ocean-rocks-sai-1836542.jpg</filename>
	<path>C:\Users\51-9302\Desktop\BTRD\BTRD\sailboat\boat-coast-island-nature-ocean-rocks-sai-1836542.jpg</path>
	<source>
		<database>Unknown</database>
	</source>
	<size>
		<width>1280</width>
		<height>853</height>
		<depth>3</depth>
	</size>
	<segmented>0</segmented>
	<object>
		<name>sailboat</name>
		<pose>Unspecified</pose>
		<truncated>0</truncated>
		<difficult>0</difficult>
		<bndbox>
			<xmin>453</xmin>
			<ymin>553</ymin>
			<xmax>546</xmax>
			<ymax>764</ymax>
		</bndbox>
	</object>
</annotation>
