<annotation>
	<folder>kayak</folder>
	<filename>boat-waters-lake-travel-sea-river-3168511.jpg</filename>
	<path>C:\Users\51-9302\Desktop\BTRD\BTRD\kayak\boat-waters-lake-travel-sea-river-3168511.jpg</path>
	<source>
		<database>Unknown</database>
	</source>
	<size>
		<width>853</width>
		<height>1280</height>
		<depth>3</depth>
	</size>
	<segmented>0</segmented>
	<object>
		<name>kayak</name>
		<pose>Unspecified</pose>
		<truncated>0</truncated>
		<difficult>0</difficult>
		<bndbox>
			<xmin>33</xmin>
			<ymin>709</ymin>
			<xmax>794</xmax>
			<ymax>830</ymax>
		</bndbox>
	</object>
	<object>
		<name>kayak</name>
		<pose>Unspecified</pose>
		<truncated>1</truncated>
		<difficult>0</difficult>
		<bndbox>
			<xmin>17</xmin>
			<ymin>798</ymin>
			<xmax>853</xmax>
			<ymax>1280</ymax>
		</bndbox>
	</object>
</annotation>
