<annotation>
	<folder>sailboat</folder>
	<filename>boat-sailing-sail-ship-nautical-sea-wate-1293071.jpg</filename>
	<path>C:\Users\51-9302\Desktop\BTRD\BTRD\sailboat\boat-sailing-sail-ship-nautical-sea-wate-1293071.jpg</path>
	<source>
		<database>Unknown</database>
	</source>
	<size>
		<width>972</width>
		<height>1280</height>
		<depth>3</depth>
	</size>
	<segmented>0</segmented>
	<object>
		<name>sailboat</name>
		<pose>Unspecified</pose>
		<truncated>0</truncated>
		<difficult>0</difficult>
		<bndbox>
			<xmin>136</xmin>
			<ymin>46</ymin>
			<xmax>889</xmax>
			<ymax>859</ymax>
		</bndbox>
	</object>
</annotation>
