<annotation>
	<folder>sailboat</folder>
	<filename>boat-fishing-ocean-sailboat-sailing-sea--1298033.jpg</filename>
	<path>C:\Users\51-9302\Desktop\BTRD\BTRD\sailboat\boat-fishing-ocean-sailboat-sailing-sea--1298033.jpg</path>
	<source>
		<database>Unknown</database>
	</source>
	<size>
		<width>1280</width>
		<height>1246</height>
		<depth>1</depth>
	</size>
	<segmented>0</segmented>
	<object>
		<name>sailboat</name>
		<pose>Unspecified</pose>
		<truncated>0</truncated>
		<difficult>0</difficult>
		<bndbox>
			<xmin>57</xmin>
			<ymin>6</ymin>
			<xmax>1253</xmax>
			<ymax>987</ymax>
		</bndbox>
	</object>
</annotation>
