<annotation>
	<folder>kayak</folder>
	<filename>boat-oars-man-dog-water-paddle-calm-summ-959079.jpg</filename>
	<path>C:\Users\51-9302\Desktop\BTRD\BTRD\kayak\boat-oars-man-dog-water-paddle-calm-summ-959079.jpg</path>
	<source>
		<database>Unknown</database>
	</source>
	<size>
		<width>1280</width>
		<height>941</height>
		<depth>3</depth>
	</size>
	<segmented>0</segmented>
	<object>
		<name>kayak</name>
		<pose>Unspecified</pose>
		<truncated>0</truncated>
		<difficult>0</difficult>
		<bndbox>
			<xmin>171</xmin>
			<ymin>508</ymin>
			<xmax>935</xmax>
			<ymax>694</ymax>
		</bndbox>
	</object>
</annotation>
