<annotation>
	<folder>kayak</folder>
	<filename>boats-canoeing-paddle-kayak-1350876.jpg</filename>
	<path>C:\Users\51-9302\Desktop\BTRD\BTRD\kayak\boats-canoeing-paddle-kayak-1350876.jpg</path>
	<source>
		<database>Unknown</database>
	</source>
	<size>
		<width>1280</width>
		<height>960</height>
		<depth>1</depth>
	</size>
	<segmented>0</segmented>
	<object>
		<name>kayak</name>
		<pose>Unspecified</pose>
		<truncated>0</truncated>
		<difficult>0</difficult>
		<bndbox>
			<xmin>595</xmin>
			<ymin>430</ymin>
			<xmax>792</xmax>
			<ymax>793</ymax>
		</bndbox>
	</object>
	<object>
		<name>kayak</name>
		<pose>Unspecified</pose>
		<truncated>0</truncated>
		<difficult>0</difficult>
		<bndbox>
			<xmin>791</xmin>
			<ymin>429</ymin>
			<xmax>1058</xmax>
			<ymax>805</ymax>
		</bndbox>
	</object>
	<object>
		<name>kayak</name>
		<pose>Unspecified</pose>
		<truncated>0</truncated>
		<difficult>0</difficult>
		<bndbox>
			<xmin>131</xmin>
			<ymin>404</ymin>
			<xmax>533</xmax>
			<ymax>665</ymax>
		</bndbox>
	</object>
	<object>
		<name>kayak</name>
		<pose>Unspecified</pose>
		<truncated>0</truncated>
		<difficult>0</difficult>
		<bndbox>
			<xmin>396</xmin>
			<ymin>447</ymin>
			<xmax>587</xmax>
			<ymax>822</ymax>
		</bndbox>
	</object>
</annotation>
