<annotation>
	<folder>sailboat</folder>
	<filename>boat-sailing-boat-rest-calm-silent-1992137.jpg</filename>
	<path>C:\Users\51-9302\Desktop\BTRD\BTRD\sailboat\boat-sailing-boat-rest-calm-silent-1992137.jpg</path>
	<source>
		<database>Unknown</database>
	</source>
	<size>
		<width>1280</width>
		<height>853</height>
		<depth>3</depth>
	</size>
	<segmented>0</segmented>
	<object>
		<name>sailboat</name>
		<pose>Unspecified</pose>
		<truncated>0</truncated>
		<difficult>0</difficult>
		<bndbox>
			<xmin>302</xmin>
			<ymin>335</ymin>
			<xmax>571</xmax>
			<ymax>693</ymax>
		</bndbox>
	</object>
</annotation>
