<annotation>
	<folder>cruise ship</folder>
	<filename>boat-cruise-liner-ocean-sea-ship-transpo-1296612.jpg</filename>
	<path>C:\Users\51-9302\Desktop\BTRD\BTRD\cruise ship\boat-cruise-liner-ocean-sea-ship-transpo-1296612.jpg</path>
	<source>
		<database>Unknown</database>
	</source>
	<size>
		<width>1280</width>
		<height>982</height>
		<depth>3</depth>
	</size>
	<segmented>0</segmented>
	<object>
		<name>cruiseship</name>
		<pose>Unspecified</pose>
		<truncated>0</truncated>
		<difficult>0</difficult>
		<bndbox>
			<xmin>265</xmin>
			<ymin>83</ymin>
			<xmax>1204</xmax>
			<ymax>824</ymax>
		</bndbox>
	</object>
</annotation>
