<annotation>
	<folder>sailboat</folder>
	<filename>boat-sunset-sea-sunbeam-sail-721937.jpg</filename>
	<path>C:\Users\51-9302\Desktop\BTRD\BTRD\sailboat\boat-sunset-sea-sunbeam-sail-721937.jpg</path>
	<source>
		<database>Unknown</database>
	</source>
	<size>
		<width>1280</width>
		<height>625</height>
		<depth>3</depth>
	</size>
	<segmented>0</segmented>
	<object>
		<name>sailboat</name>
		<pose>Unspecified</pose>
		<truncated>0</truncated>
		<difficult>0</difficult>
		<bndbox>
			<xmin>848</xmin>
			<ymin>325</ymin>
			<xmax>959</xmax>
			<ymax>479</ymax>
		</bndbox>
	</object>
</annotation>
