<annotation>
	<folder>sailboat</folder>
	<filename>boat-sailing-canal-sail-ship-sun-sky-wat-2112210.jpg</filename>
	<path>C:\Users\51-9302\Desktop\BTRD\BTRD\sailboat\boat-sailing-canal-sail-ship-sun-sky-wat-2112210.jpg</path>
	<source>
		<database>Unknown</database>
	</source>
	<size>
		<width>854</width>
		<height>1280</height>
		<depth>3</depth>
	</size>
	<segmented>0</segmented>
	<object>
		<name>sailboat</name>
		<pose>Unspecified</pose>
		<truncated>0</truncated>
		<difficult>0</difficult>
		<bndbox>
			<xmin>445</xmin>
			<ymin>330</ymin>
			<xmax>573</xmax>
			<ymax>685</ymax>
		</bndbox>
	</object>
</annotation>
