<annotation>
	<folder>inflatable boat</folder>
	<filename>boat-inflatable-rubber-activity-308891.jpg</filename>
	<path>C:\Users\51-9302\Desktop\BTRD\BTRD\inflatable boat\boat-inflatable-rubber-activity-308891.jpg</path>
	<source>
		<database>Unknown</database>
	</source>
	<size>
		<width>1280</width>
		<height>1280</height>
		<depth>3</depth>
	</size>
	<segmented>0</segmented>
	<object>
		<name>inflatableboat</name>
		<pose>Unspecified</pose>
		<truncated>0</truncated>
		<difficult>0</difficult>
		<bndbox>
			<xmin>50</xmin>
			<ymin>214</ymin>
			<xmax>1212</xmax>
			<ymax>997</ymax>
		</bndbox>
	</object>
</annotation>
