<annotation>
	<folder>sailboat</folder>
	<filename>boat-fog-marine-loneliness-nature-2333306.jpg</filename>
	<path>C:\Users\51-9302\Desktop\BTRD\BTRD\sailboat\boat-fog-marine-loneliness-nature-2333306.jpg</path>
	<source>
		<database>Unknown</database>
	</source>
	<size>
		<width>853</width>
		<height>1280</height>
		<depth>3</depth>
	</size>
	<segmented>0</segmented>
	<object>
		<name>sailboat</name>
		<pose>Unspecified</pose>
		<truncated>0</truncated>
		<difficult>0</difficult>
		<bndbox>
			<xmin>614</xmin>
			<ymin>1071</ymin>
			<xmax>653</xmax>
			<ymax>1131</ymax>
		</bndbox>
	</object>
</annotation>
