<annotation>
	<folder>sailboat</folder>
	<filename>boat-sea-horizon-seascape-sailboat-2861565.jpg</filename>
	<path>C:\Users\51-9302\Desktop\BTRD\BTRD\sailboat\boat-sea-horizon-seascape-sailboat-2861565.jpg</path>
	<source>
		<database>Unknown</database>
	</source>
	<size>
		<width>1280</width>
		<height>719</height>
		<depth>3</depth>
	</size>
	<segmented>0</segmented>
	<object>
		<name>sailboat</name>
		<pose>Unspecified</pose>
		<truncated>0</truncated>
		<difficult>0</difficult>
		<bndbox>
			<xmin>305</xmin>
			<ymin>203</ymin>
			<xmax>476</xmax>
			<ymax>353</ymax>
		</bndbox>
	</object>
</annotation>
