<annotation>
	<folder>ferry boat</folder>
	<filename>boat-water-river-sea-ocean-blue-3624704.jpg</filename>
	<path>C:\Users\51-9302\Desktop\BTRD\BTRD\ferry boat\boat-water-river-sea-ocean-blue-3624704.jpg</path>
	<source>
		<database>Unknown</database>
	</source>
	<size>
		<width>1280</width>
		<height>853</height>
		<depth>3</depth>
	</size>
	<segmented>0</segmented>
	<object>
		<name>cruiseship</name>
		<pose>Unspecified</pose>
		<truncated>0</truncated>
		<difficult>0</difficult>
		<bndbox>
			<xmin>378</xmin>
			<ymin>478</ymin>
			<xmax>635</xmax>
			<ymax>584</ymax>
		</bndbox>
	</object>
</annotation>
