<annotation>
	<folder>inflatable boat</folder>
	<filename>boating-extreme-sport-inflatable-boat-un-1259608.jpg</filename>
	<path>C:\Users\51-9302\Desktop\BTRD\BTRD\inflatable boat\boating-extreme-sport-inflatable-boat-un-1259608.jpg</path>
	<source>
		<database>Unknown</database>
	</source>
	<size>
		<width>1280</width>
		<height>847</height>
		<depth>3</depth>
	</size>
	<segmented>0</segmented>
	<object>
		<name>inflatableboat</name>
		<pose>Unspecified</pose>
		<truncated>0</truncated>
		<difficult>0</difficult>
		<bndbox>
			<xmin>501</xmin>
			<ymin>236</ymin>
			<xmax>1146</xmax>
			<ymax>645</ymax>
		</bndbox>
	</object>
</annotation>
