<annotation>
	<folder>ferry boat</folder>
	<filename>boat-switzerland-bergsee-tourism-blue-fe-1513948.jpg</filename>
	<path>C:\Users\51-9302\Desktop\BTRD\BTRD\ferry boat\boat-switzerland-bergsee-tourism-blue-fe-1513948.jpg</path>
	<source>
		<database>Unknown</database>
	</source>
	<size>
		<width>1280</width>
		<height>960</height>
		<depth>3</depth>
	</size>
	<segmented>0</segmented>
	<object>
		<name>ferryboat</name>
		<pose>Unspecified</pose>
		<truncated>0</truncated>
		<difficult>0</difficult>
		<bndbox>
			<xmin>520</xmin>
			<ymin>303</ymin>
			<xmax>791</xmax>
			<ymax>653</ymax>
		</bndbox>
	</object>
</annotation>
