<annotation>
	<folder>sailboat</folder>
	<filename>boat-sailboat-rhne-river-browse-france--1949685.jpg</filename>
	<path>C:\Users\51-9302\Desktop\BTRD\BTRD\sailboat\boat-sailboat-rhne-river-browse-france--1949685.jpg</path>
	<source>
		<database>Unknown</database>
	</source>
	<size>
		<width>1280</width>
		<height>850</height>
		<depth>3</depth>
	</size>
	<segmented>0</segmented>
	<object>
		<name>sailboat</name>
		<pose>Unspecified</pose>
		<truncated>0</truncated>
		<difficult>0</difficult>
		<bndbox>
			<xmin>284</xmin>
			<ymin>433</ymin>
			<xmax>439</xmax>
			<ymax>636</ymax>
		</bndbox>
	</object>
</annotation>
