<annotation>
	<folder>sailboat</folder>
	<filename>boat-sail-sailing-sea-sail-boat-950361.jpg</filename>
	<path>C:\Users\51-9302\Desktop\BTRD\BTRD\sailboat\boat-sail-sailing-sea-sail-boat-950361.jpg</path>
	<source>
		<database>Unknown</database>
	</source>
	<size>
		<width>853</width>
		<height>1280</height>
		<depth>3</depth>
	</size>
	<segmented>0</segmented>
	<object>
		<name>sailboat</name>
		<pose>Unspecified</pose>
		<truncated>0</truncated>
		<difficult>0</difficult>
		<bndbox>
			<xmin>286</xmin>
			<ymin>119</ymin>
			<xmax>697</xmax>
			<ymax>1097</ymax>
		</bndbox>
	</object>
</annotation>
