<annotation>
	<folder>cruise ship</folder>
	<filename>boat-cruise-ship-celebrity-top-106105.jpg</filename>
	<path>C:\Users\51-9302\Desktop\BTRD\BTRD\cruise ship\boat-cruise-ship-celebrity-top-106105.jpg</path>
	<source>
		<database>Unknown</database>
	</source>
	<size>
		<width>960</width>
		<height>1280</height>
		<depth>3</depth>
	</size>
	<segmented>0</segmented>
	<object>
		<name>cruiseship</name>
		<pose>Unspecified</pose>
		<truncated>0</truncated>
		<difficult>0</difficult>
		<bndbox>
			<xmin>240</xmin>
			<ymin>325</ymin>
			<xmax>850</xmax>
			<ymax>882</ymax>
		</bndbox>
	</object>
</annotation>
