<annotation>
	<folder>paper boat</folder>
	<filename>boat-fold-folded-paper-ship-boat-boat-bo-1294269.jpg</filename>
	<path>C:\Users\51-9302\Desktop\BTRD\BTRD\paper boat\boat-fold-folded-paper-ship-boat-boat-bo-1294269.jpg</path>
	<source>
		<database>Unknown</database>
	</source>
	<size>
		<width>1280</width>
		<height>687</height>
		<depth>3</depth>
	</size>
	<segmented>0</segmented>
	<object>
		<name>paperboat</name>
		<pose>Unspecified</pose>
		<truncated>0</truncated>
		<difficult>0</difficult>
		<bndbox>
			<xmin>2</xmin>
			<ymin>13</ymin>
			<xmax>671</xmax>
			<ymax>286</ymax>
		</bndbox>
	</object>
	<object>
		<name>paperboat</name>
		<pose>Unspecified</pose>
		<truncated>1</truncated>
		<difficult>0</difficult>
		<bndbox>
			<xmin>613</xmin>
			<ymin>225</ymin>
			<xmax>1280</xmax>
			<ymax>513</ymax>
		</bndbox>
	</object>
	<object>
		<name>paperboat</name>
		<pose>Unspecified</pose>
		<truncated>1</truncated>
		<difficult>0</difficult>
		<bndbox>
			<xmin>12</xmin>
			<ymin>390</ymin>
			<xmax>651</xmax>
			<ymax>687</ymax>
		</bndbox>
	</object>
</annotation>
