<annotation>
	<folder>ferry boat</folder>
	<filename>boat-ferry-black-forest-lake-123642.jpg</filename>
	<path>C:\Users\51-9302\Desktop\BTRD\BTRD\ferry boat\boat-ferry-black-forest-lake-123642.jpg</path>
	<source>
		<database>Unknown</database>
	</source>
	<size>
		<width>1280</width>
		<height>960</height>
		<depth>3</depth>
	</size>
	<segmented>0</segmented>
	<object>
		<name>ferryboat</name>
		<pose>Unspecified</pose>
		<truncated>0</truncated>
		<difficult>0</difficult>
		<bndbox>
			<xmin>219</xmin>
			<ymin>675</ymin>
			<xmax>779</xmax>
			<ymax>863</ymax>
		</bndbox>
	</object>
</annotation>
