<annotation>
	<folder>sailboat</folder>
	<filename>boats-sea-port-blue-water-summer-3638570.jpg</filename>
	<path>C:\Users\51-9302\Desktop\BTRD\BTRD\sailboat\boats-sea-port-blue-water-summer-3638570.jpg</path>
	<source>
		<database>Unknown</database>
	</source>
	<size>
		<width>1280</width>
		<height>853</height>
		<depth>3</depth>
	</size>
	<segmented>0</segmented>
	<object>
		<name>sailboat</name>
		<pose>Unspecified</pose>
		<truncated>0</truncated>
		<difficult>0</difficult>
		<bndbox>
			<xmin>869</xmin>
			<ymin>26</ymin>
			<xmax>1034</xmax>
			<ymax>578</ymax>
		</bndbox>
	</object>
	<object>
		<name>sailboat</name>
		<pose>Unspecified</pose>
		<truncated>0</truncated>
		<difficult>0</difficult>
		<bndbox>
			<xmin>644</xmin>
			<ymin>183</ymin>
			<xmax>879</xmax>
			<ymax>572</ymax>
		</bndbox>
	</object>
</annotation>
