<annotation>
	<folder>inflatable boat</folder>
	<filename>boat-river-girl-rowing-sports-charging-t-1556062.jpg</filename>
	<path>C:\Users\51-9302\Desktop\BTRD\BTRD\inflatable boat\boat-river-girl-rowing-sports-charging-t-1556062.jpg</path>
	<source>
		<database>Unknown</database>
	</source>
	<size>
		<width>1280</width>
		<height>860</height>
		<depth>3</depth>
	</size>
	<segmented>0</segmented>
	<object>
		<name>inflatableboat</name>
		<pose>Unspecified</pose>
		<truncated>0</truncated>
		<difficult>0</difficult>
		<bndbox>
			<xmin>130</xmin>
			<ymin>415</ymin>
			<xmax>1142</xmax>
			<ymax>751</ymax>
		</bndbox>
	</object>
</annotation>
