<annotation>
	<folder>sailboat</folder>
	<filename>boat-dawn-dusk-mast-ocean-sailboat-saili-1867174.jpg</filename>
	<path>C:\Users\51-9302\Desktop\BTRD\BTRD\sailboat\boat-dawn-dusk-mast-ocean-sailboat-saili-1867174.jpg</path>
	<source>
		<database>Unknown</database>
	</source>
	<size>
		<width>1272</width>
		<height>1280</height>
		<depth>3</depth>
	</size>
	<segmented>0</segmented>
	<object>
		<name>sailboat</name>
		<pose>Unspecified</pose>
		<truncated>0</truncated>
		<difficult>0</difficult>
		<bndbox>
			<xmin>378</xmin>
			<ymin>214</ymin>
			<xmax>944</xmax>
			<ymax>1093</ymax>
		</bndbox>
	</object>
</annotation>
