<annotation>
	<folder>freight boat</folder>
	<filename>boats-water-twilight-singapore-travel-sh-200681.jpg</filename>
	<path>C:\Users\51-9302\Desktop\BTRD\BTRD\freight boat\boats-water-twilight-singapore-travel-sh-200681.jpg</path>
	<source>
		<database>Unknown</database>
	</source>
	<size>
		<width>1280</width>
		<height>850</height>
		<depth>3</depth>
	</size>
	<segmented>0</segmented>
	<object>
		<name>freightboat</name>
		<pose>Unspecified</pose>
		<truncated>0</truncated>
		<difficult>0</difficult>
		<bndbox>
			<xmin>1034</xmin>
			<ymin>443</ymin>
			<xmax>1237</xmax>
			<ymax>503</ymax>
		</bndbox>
	</object>
	<object>
		<name>freightboat</name>
		<pose>Unspecified</pose>
		<truncated>0</truncated>
		<difficult>0</difficult>
		<bndbox>
			<xmin>718</xmin>
			<ymin>418</ymin>
			<xmax>862</xmax>
			<ymax>458</ymax>
		</bndbox>
	</object>
	<object>
		<name>freightboat</name>
		<pose>Unspecified</pose>
		<truncated>0</truncated>
		<difficult>0</difficult>
		<bndbox>
			<xmin>158</xmin>
			<ymin>388</ymin>
			<xmax>257</xmax>
			<ymax>444</ymax>
		</bndbox>
	</object>
	<object>
		<name>freightboat</name>
		<pose>Unspecified</pose>
		<truncated>0</truncated>
		<difficult>0</difficult>
		<bndbox>
			<xmin>228</xmin>
			<ymin>377</ymin>
			<xmax>364</xmax>
			<ymax>425</ymax>
		</bndbox>
	</object>
	<object>
		<name>cruiseship</name>
		<pose>Unspecified</pose>
		<truncated>0</truncated>
		<difficult>0</difficult>
		<bndbox>
			<xmin>434</xmin>
			<ymin>426</ymin>
			<xmax>560</xmax>
			<ymax>487</ymax>
		</bndbox>
	</object>
	<object>
		<name>freightboat</name>
		<pose>Unspecified</pose>
		<truncated>0</truncated>
		<difficult>0</difficult>
		<bndbox>
			<xmin>876</xmin>
			<ymin>437</ymin>
			<xmax>1013</xmax>
			<ymax>476</ymax>
		</bndbox>
	</object>
	<object>
		<name>freightboat</name>
		<pose>Unspecified</pose>
		<truncated>0</truncated>
		<difficult>0</difficult>
		<bndbox>
			<xmin>934</xmin>
			<ymin>529</ymin>
			<xmax>1082</xmax>
			<ymax>589</ymax>
		</bndbox>
	</object>
</annotation>
