<annotation>
	<folder>sailboat</folder>
	<filename>boat-sailboat-sea-ocean-wind-sailing-sai-1161380.jpg</filename>
	<path>C:\Users\51-9302\Desktop\BTRD\BTRD\sailboat\boat-sailboat-sea-ocean-wind-sailing-sai-1161380.jpg</path>
	<source>
		<database>Unknown</database>
	</source>
	<size>
		<width>1280</width>
		<height>760</height>
		<depth>3</depth>
	</size>
	<segmented>0</segmented>
	<object>
		<name>sailboat</name>
		<pose>Unspecified</pose>
		<truncated>0</truncated>
		<difficult>0</difficult>
		<bndbox>
			<xmin>215</xmin>
			<ymin>20</ymin>
			<xmax>666</xmax>
			<ymax>637</ymax>
		</bndbox>
	</object>
</annotation>
