<annotation>
	<folder>sailboat</folder>
	<filename>boat-sailboat-sailing-ship-2027331.jpg</filename>
	<path>C:\Users\51-9302\Desktop\BTRD\BTRD\sailboat\boat-sailboat-sailing-ship-2027331.jpg</path>
	<source>
		<database>Unknown</database>
	</source>
	<size>
		<width>1280</width>
		<height>855</height>
		<depth>1</depth>
	</size>
	<segmented>0</segmented>
	<object>
		<name>sailboat</name>
		<pose>Unspecified</pose>
		<truncated>1</truncated>
		<difficult>0</difficult>
		<bndbox>
			<xmin>1</xmin>
			<ymin>32</ymin>
			<xmax>1212</xmax>
			<ymax>822</ymax>
		</bndbox>
	</object>
</annotation>
