<annotation>
	<folder>ferry boat</folder>
	<filename>boat-ferry-logo-ship-transport-157680.jpg</filename>
	<path>C:\Users\51-9302\Desktop\BTRD\BTRD\ferry boat\boat-ferry-logo-ship-transport-157680.jpg</path>
	<source>
		<database>Unknown</database>
	</source>
	<size>
		<width>1280</width>
		<height>784</height>
		<depth>3</depth>
	</size>
	<segmented>0</segmented>
	<object>
		<name>ferryboat</name>
		<pose>Unspecified</pose>
		<truncated>0</truncated>
		<difficult>0</difficult>
		<bndbox>
			<xmin>157</xmin>
			<ymin>75</ymin>
			<xmax>1277</xmax>
			<ymax>596</ymax>
		</bndbox>
	</object>
</annotation>
