<annotation>
	<folder>sailboat</folder>
	<filename>boat-sailboat-pontoon-sailing-2632503.jpg</filename>
	<path>C:\Users\51-9302\Desktop\BTRD\BTRD\sailboat\boat-sailboat-pontoon-sailing-2632503.jpg</path>
	<source>
		<database>Unknown</database>
	</source>
	<size>
		<width>1280</width>
		<height>960</height>
		<depth>3</depth>
	</size>
	<segmented>0</segmented>
	<object>
		<name>sailboat</name>
		<pose>Unspecified</pose>
		<truncated>1</truncated>
		<difficult>0</difficult>
		<bndbox>
			<xmin>176</xmin>
			<ymin>1</ymin>
			<xmax>898</xmax>
			<ymax>858</ymax>
		</bndbox>
	</object>
</annotation>
