<annotation>
	<folder>sailboat</folder>
	<filename>boat-sailboat-sail-sea-nature-17778.jpg</filename>
	<path>C:\Users\51-9302\Desktop\BTRD\BTRD\sailboat\boat-sailboat-sail-sea-nature-17778.jpg</path>
	<source>
		<database>Unknown</database>
	</source>
	<size>
		<width>1280</width>
		<height>846</height>
		<depth>1</depth>
	</size>
	<segmented>0</segmented>
	<object>
		<name>sailboat</name>
		<pose>Unspecified</pose>
		<truncated>0</truncated>
		<difficult>0</difficult>
		<bndbox>
			<xmin>515</xmin>
			<ymin>323</ymin>
			<xmax>724</xmax>
			<ymax>595</ymax>
		</bndbox>
	</object>
</annotation>
