<annotation>
	<folder>paper boat</folder>
	<filename>boat-cute-minimal-origami-paper-1295836.jpg</filename>
	<path>C:\Users\51-9302\Desktop\BTRD\BTRD\paper boat\boat-cute-minimal-origami-paper-1295836.jpg</path>
	<source>
		<database>Unknown</database>
	</source>
	<size>
		<width>1280</width>
		<height>751</height>
		<depth>3</depth>
	</size>
	<segmented>0</segmented>
	<object>
		<name>paperboat</name>
		<pose>Unspecified</pose>
		<truncated>0</truncated>
		<difficult>0</difficult>
		<bndbox>
			<xmin>10</xmin>
			<ymin>5</ymin>
			<xmax>1253</xmax>
			<ymax>639</ymax>
		</bndbox>
	</object>
</annotation>
