<annotation>
	<folder>sailboat</folder>
	<filename>boat-sail-port-vacations-3007853.jpg</filename>
	<path>C:\Users\51-9302\Desktop\BTRD\BTRD\sailboat\boat-sail-port-vacations-3007853.jpg</path>
	<source>
		<database>Unknown</database>
	</source>
	<size>
		<width>1280</width>
		<height>853</height>
		<depth>3</depth>
	</size>
	<segmented>0</segmented>
	<object>
		<name>sailboat</name>
		<pose>Unspecified</pose>
		<truncated>0</truncated>
		<difficult>0</difficult>
		<bndbox>
			<xmin>509</xmin>
			<ymin>12</ymin>
			<xmax>876</xmax>
			<ymax>530</ymax>
		</bndbox>
	</object>
	<object>
		<name>sailboat</name>
		<pose>Unspecified</pose>
		<truncated>0</truncated>
		<difficult>0</difficult>
		<bndbox>
			<xmin>987</xmin>
			<ymin>3</ymin>
			<xmax>1267</xmax>
			<ymax>506</ymax>
		</bndbox>
	</object>
	<object>
		<name>sailboat</name>
		<pose>Unspecified</pose>
		<truncated>1</truncated>
		<difficult>0</difficult>
		<bndbox>
			<xmin>1</xmin>
			<ymin>1</ymin>
			<xmax>409</xmax>
			<ymax>484</ymax>
		</bndbox>
	</object>
</annotation>
