<annotation>
	<folder>sailboat</folder>
	<filename>boat-summer-sea-ship-sail-travel-1634811.jpg</filename>
	<path>C:\Users\51-9302\Desktop\BTRD\BTRD\sailboat\boat-summer-sea-ship-sail-travel-1634811.jpg</path>
	<source>
		<database>Unknown</database>
	</source>
	<size>
		<width>1280</width>
		<height>961</height>
		<depth>3</depth>
	</size>
	<segmented>0</segmented>
	<object>
		<name>sailboat</name>
		<pose>Unspecified</pose>
		<truncated>0</truncated>
		<difficult>0</difficult>
		<bndbox>
			<xmin>333</xmin>
			<ymin>82</ymin>
			<xmax>471</xmax>
			<ymax>349</ymax>
		</bndbox>
	</object>
	<object>
		<name>sailboat</name>
		<pose>Unspecified</pose>
		<truncated>0</truncated>
		<difficult>0</difficult>
		<bndbox>
			<xmin>303</xmin>
			<ymin>150</ymin>
			<xmax>1046</xmax>
			<ymax>731</ymax>
		</bndbox>
	</object>
</annotation>
