<annotation>
	<folder>sailboat</folder>
	<filename>boat-ship-tradition-sea-sailing-220070.jpg</filename>
	<path>C:\Users\51-9302\Desktop\BTRD\BTRD\sailboat\boat-ship-tradition-sea-sailing-220070.jpg</path>
	<source>
		<database>Unknown</database>
	</source>
	<size>
		<width>851</width>
		<height>1280</height>
		<depth>3</depth>
	</size>
	<segmented>0</segmented>
	<object>
		<name>sailboat</name>
		<pose>Unspecified</pose>
		<truncated>0</truncated>
		<difficult>0</difficult>
		<bndbox>
			<xmin>119</xmin>
			<ymin>67</ymin>
			<xmax>800</xmax>
			<ymax>843</ymax>
		</bndbox>
	</object>
</annotation>
