<annotation>
	<folder>kayak</folder>
	<filename>boat-body-of-water-transport-sea-3079680.jpg</filename>
	<path>C:\Users\51-9302\Desktop\BTRD\BTRD\kayak\boat-body-of-water-transport-sea-3079680.jpg</path>
	<source>
		<database>Unknown</database>
	</source>
	<size>
		<width>1280</width>
		<height>851</height>
		<depth>1</depth>
	</size>
	<segmented>0</segmented>
	<object>
		<name>kayak</name>
		<pose>Unspecified</pose>
		<truncated>0</truncated>
		<difficult>0</difficult>
		<bndbox>
			<xmin>246</xmin>
			<ymin>352</ymin>
			<xmax>656</xmax>
			<ymax>426</ymax>
		</bndbox>
	</object>
	<object>
		<name>kayak</name>
		<pose>Unspecified</pose>
		<truncated>0</truncated>
		<difficult>0</difficult>
		<bndbox>
			<xmin>420</xmin>
			<ymin>385</ymin>
			<xmax>970</xmax>
			<ymax>472</ymax>
		</bndbox>
	</object>
</annotation>
