<annotation>
	<folder>ferry boat</folder>
	<filename>boat-sign-ship-sign-ferry-sign-ship-boat-36951.jpg</filename>
	<path>C:\Users\51-9302\Desktop\BTRD\BTRD\ferry boat\boat-sign-ship-sign-ferry-sign-ship-boat-36951.jpg</path>
	<source>
		<database>Unknown</database>
	</source>
	<size>
		<width>1280</width>
		<height>1280</height>
		<depth>1</depth>
	</size>
	<segmented>0</segmented>
	<object>
		<name>ferryboat</name>
		<pose>Unspecified</pose>
		<truncated>0</truncated>
		<difficult>0</difficult>
		<bndbox>
			<xmin>266</xmin>
			<ymin>238</ymin>
			<xmax>1056</xmax>
			<ymax>809</ymax>
		</bndbox>
	</object>
</annotation>
