<annotation>
	<folder>sailboat</folder>
	<filename>boat-sailing-flag-circle-transportation--48647.jpg</filename>
	<path>C:\Users\51-9302\Desktop\BTRD\BTRD\sailboat\boat-sailing-flag-circle-transportation--48647.jpg</path>
	<source>
		<database>Unknown</database>
	</source>
	<size>
		<width>1280</width>
		<height>1235</height>
		<depth>3</depth>
	</size>
	<segmented>0</segmented>
	<object>
		<name>sailboat</name>
		<pose>Unspecified</pose>
		<truncated>0</truncated>
		<difficult>0</difficult>
		<bndbox>
			<xmin>253</xmin>
			<ymin>169</ymin>
			<xmax>988</xmax>
			<ymax>913</ymax>
		</bndbox>
	</object>
</annotation>
