<annotation>
	<folder>sailboat</folder>
	<filename>boat-sailboat-sailing-ship-ocean-water-w-145419.jpg</filename>
	<path>C:\Users\51-9302\Desktop\BTRD\BTRD\sailboat\boat-sailboat-sailing-ship-ocean-water-w-145419.jpg</path>
	<source>
		<database>Unknown</database>
	</source>
	<size>
		<width>1077</width>
		<height>1280</height>
		<depth>3</depth>
	</size>
	<segmented>0</segmented>
	<object>
		<name>sailboat</name>
		<pose>Unspecified</pose>
		<truncated>0</truncated>
		<difficult>0</difficult>
		<bndbox>
			<xmin>157</xmin>
			<ymin>6</ymin>
			<xmax>898</xmax>
			<ymax>855</ymax>
		</bndbox>
	</object>
</annotation>
