<annotation>
	<folder>sailboat</folder>
	<filename>boat-sea-horizon-island-small-sail-summe-950359.jpg</filename>
	<path>C:\Users\51-9302\Desktop\BTRD\BTRD\sailboat\boat-sea-horizon-island-small-sail-summe-950359.jpg</path>
	<source>
		<database>Unknown</database>
	</source>
	<size>
		<width>1280</width>
		<height>853</height>
		<depth>3</depth>
	</size>
	<segmented>0</segmented>
	<object>
		<name>sailboat</name>
		<pose>Unspecified</pose>
		<truncated>0</truncated>
		<difficult>0</difficult>
		<bndbox>
			<xmin>260</xmin>
			<ymin>268</ymin>
			<xmax>406</xmax>
			<ymax>546</ymax>
		</bndbox>
	</object>
</annotation>
