<annotation>
	<folder>sailboat</folder>
	<filename>boats-yacht-ship-water-sea-marina-2758962.jpg</filename>
	<path>C:\Users\51-9302\Desktop\BTRD\BTRD\sailboat\boats-yacht-ship-water-sea-marina-2758962.jpg</path>
	<source>
		<database>Unknown</database>
	</source>
	<size>
		<width>1280</width>
		<height>853</height>
		<depth>3</depth>
	</size>
	<segmented>0</segmented>
	<object>
		<name>sailboat</name>
		<pose>Unspecified</pose>
		<truncated>0</truncated>
		<difficult>0</difficult>
		<bndbox>
			<xmin>532</xmin>
			<ymin>61</ymin>
			<xmax>1064</xmax>
			<ymax>606</ymax>
		</bndbox>
	</object>
	<object>
		<name>sailboat</name>
		<pose>Unspecified</pose>
		<truncated>0</truncated>
		<difficult>0</difficult>
		<bndbox>
			<xmin>629</xmin>
			<ymin>64</ymin>
			<xmax>827</xmax>
			<ymax>673</ymax>
		</bndbox>
	</object>
</annotation>
