<annotation>
	<folder>cruise ship</folder>
	<filename>boat-litoral-fishermen-beach-2646175.jpg</filename>
	<path>C:\Users\51-9302\Desktop\BTRD\BTRD\cruise ship\boat-litoral-fishermen-beach-2646175.jpg</path>
	<source>
		<database>Unknown</database>
	</source>
	<size>
		<width>1280</width>
		<height>415</height>
		<depth>3</depth>
	</size>
	<segmented>0</segmented>
	<object>
		<name>cruiseship</name>
		<pose>Unspecified</pose>
		<truncated>0</truncated>
		<difficult>0</difficult>
		<bndbox>
			<xmin>82</xmin>
			<ymin>234</ymin>
			<xmax>765</xmax>
			<ymax>394</ymax>
		</bndbox>
	</object>
	<object>
		<name>cruiseship</name>
		<pose>Unspecified</pose>
		<truncated>0</truncated>
		<difficult>0</difficult>
		<bndbox>
			<xmin>688</xmin>
			<ymin>287</ymin>
			<xmax>1207</xmax>
			<ymax>386</ymax>
		</bndbox>
	</object>
</annotation>
