<annotation>
	<folder>paper boat</folder>
	<filename>boat-sail-float-paper-newspaper-2770960.jpg</filename>
	<path>C:\Users\51-9302\Desktop\BTRD\BTRD\paper boat\boat-sail-float-paper-newspaper-2770960.jpg</path>
	<source>
		<database>Unknown</database>
	</source>
	<size>
		<width>1280</width>
		<height>853</height>
		<depth>3</depth>
	</size>
	<segmented>0</segmented>
	<object>
		<name>paperboat</name>
		<pose>Unspecified</pose>
		<truncated>0</truncated>
		<difficult>0</difficult>
		<bndbox>
			<xmin>92</xmin>
			<ymin>266</ymin>
			<xmax>263</xmax>
			<ymax>343</ymax>
		</bndbox>
	</object>
	<object>
		<name>paperboat</name>
		<pose>Unspecified</pose>
		<truncated>0</truncated>
		<difficult>0</difficult>
		<bndbox>
			<xmin>217</xmin>
			<ymin>326</ymin>
			<xmax>427</xmax>
			<ymax>416</ymax>
		</bndbox>
	</object>
	<object>
		<name>paperboat</name>
		<pose>Unspecified</pose>
		<truncated>0</truncated>
		<difficult>0</difficult>
		<bndbox>
			<xmin>440</xmin>
			<ymin>422</ymin>
			<xmax>682</xmax>
			<ymax>525</ymax>
		</bndbox>
	</object>
	<object>
		<name>paperboat</name>
		<pose>Unspecified</pose>
		<truncated>0</truncated>
		<difficult>0</difficult>
		<bndbox>
			<xmin>519</xmin>
			<ymin>479</ymin>
			<xmax>722</xmax>
			<ymax>613</ymax>
		</bndbox>
	</object>
	<object>
		<name>paperboat</name>
		<pose>Unspecified</pose>
		<truncated>0</truncated>
		<difficult>0</difficult>
		<bndbox>
			<xmin>555</xmin>
			<ymin>597</ymin>
			<xmax>817</xmax>
			<ymax>732</ymax>
		</bndbox>
	</object>
</annotation>
