<annotation>
	<folder>ferry boat</folder>
	<filename>boat-ferry-departure-crossing-sea-2733061.jpg</filename>
	<path>C:\Users\51-9302\Desktop\BTRD\BTRD\ferry boat\boat-ferry-departure-crossing-sea-2733061.jpg</path>
	<source>
		<database>Unknown</database>
	</source>
	<size>
		<width>1280</width>
		<height>856</height>
		<depth>3</depth>
	</size>
	<segmented>0</segmented>
	<object>
		<name>cruiseship</name>
		<pose>Unspecified</pose>
		<truncated>0</truncated>
		<difficult>0</difficult>
		<bndbox>
			<xmin>317</xmin>
			<ymin>421</ymin>
			<xmax>932</xmax>
			<ymax>640</ymax>
		</bndbox>
	</object>
</annotation>
