<annotation>
	<folder>sailboat</folder>
	<filename>boat-sail-boat-sailing-boat-sailing-sea--304361.jpg</filename>
	<path>C:\Users\51-9302\Desktop\BTRD\BTRD\sailboat\boat-sail-boat-sailing-boat-sailing-sea--304361.jpg</path>
	<source>
		<database>Unknown</database>
	</source>
	<size>
		<width>1280</width>
		<height>1269</height>
		<depth>3</depth>
	</size>
	<segmented>0</segmented>
	<object>
		<name>sailboat</name>
		<pose>Unspecified</pose>
		<truncated>0</truncated>
		<difficult>0</difficult>
		<bndbox>
			<xmin>82</xmin>
			<ymin>90</ymin>
			<xmax>1183</xmax>
			<ymax>1260</ymax>
		</bndbox>
	</object>
</annotation>
