<annotation>
	<folder>inflatable boat</folder>
	<filename>boat-sea-inflatable-boat-coast-2646811.jpg</filename>
	<path>C:\Users\51-9302\Desktop\BTRD\BTRD\inflatable boat\boat-sea-inflatable-boat-coast-2646811.jpg</path>
	<source>
		<database>Unknown</database>
	</source>
	<size>
		<width>850</width>
		<height>1280</height>
		<depth>3</depth>
	</size>
	<segmented>0</segmented>
	<object>
		<name>inflatableboat</name>
		<pose>Unspecified</pose>
		<truncated>0</truncated>
		<difficult>0</difficult>
		<bndbox>
			<xmin>52</xmin>
			<ymin>429</ymin>
			<xmax>819</xmax>
			<ymax>747</ymax>
		</bndbox>
	</object>
</annotation>
