<annotation>
	<folder>sailboat</folder>
	<filename>boat-ocean-sea-water-sunset-3729971.jpg</filename>
	<path>C:\Users\51-9302\Desktop\BTRD\BTRD\sailboat\boat-ocean-sea-water-sunset-3729971.jpg</path>
	<source>
		<database>Unknown</database>
	</source>
	<size>
		<width>1280</width>
		<height>851</height>
		<depth>3</depth>
	</size>
	<segmented>0</segmented>
	<object>
		<name>sailboat</name>
		<pose>Unspecified</pose>
		<truncated>0</truncated>
		<difficult>0</difficult>
		<bndbox>
			<xmin>902</xmin>
			<ymin>101</ymin>
			<xmax>1221</xmax>
			<ymax>524</ymax>
		</bndbox>
	</object>
</annotation>
