<annotation>
	<folder>paper boat</folder>
	<filename>boat-paper-folded-ship-water-153358.jpg</filename>
	<path>C:\Users\51-9302\Desktop\BTRD\BTRD\paper boat\boat-paper-folded-ship-water-153358.jpg</path>
	<source>
		<database>Unknown</database>
	</source>
	<size>
		<width>1280</width>
		<height>640</height>
		<depth>3</depth>
	</size>
	<segmented>0</segmented>
	<object>
		<name>paperboat</name>
		<pose>Unspecified</pose>
		<truncated>0</truncated>
		<difficult>0</difficult>
		<bndbox>
			<xmin>611</xmin>
			<ymin>195</ymin>
			<xmax>1059</xmax>
			<ymax>378</ymax>
		</bndbox>
	</object>
</annotation>
