<annotation>
	<folder>sailboat</folder>
	<filename>boat-marine-ocean-sailboat-sea-ship-silh-1297042.jpg</filename>
	<path>C:\Users\51-9302\Desktop\BTRD\BTRD\sailboat\boat-marine-ocean-sailboat-sea-ship-silh-1297042.jpg</path>
	<source>
		<database>Unknown</database>
	</source>
	<size>
		<width>1080</width>
		<height>1280</height>
		<depth>1</depth>
	</size>
	<segmented>0</segmented>
	<object>
		<name>sailboat</name>
		<pose>Unspecified</pose>
		<truncated>1</truncated>
		<difficult>0</difficult>
		<bndbox>
			<xmin>1</xmin>
			<ymin>1</ymin>
			<xmax>1080</xmax>
			<ymax>1280</ymax>
		</bndbox>
	</object>
</annotation>
