<annotation>
	<folder>kayak</folder>
	<filename>boat-from-above-top-view-hai-2435056.jpg</filename>
	<path>C:\Users\51-9302\Desktop\BTRD\BTRD\kayak\boat-from-above-top-view-hai-2435056.jpg</path>
	<source>
		<database>Unknown</database>
	</source>
	<size>
		<width>1280</width>
		<height>853</height>
		<depth>3</depth>
	</size>
	<segmented>0</segmented>
	<object>
		<name>kayak</name>
		<pose>Unspecified</pose>
		<truncated>0</truncated>
		<difficult>0</difficult>
		<bndbox>
			<xmin>157</xmin>
			<ymin>385</ymin>
			<xmax>423</xmax>
			<ymax>511</ymax>
		</bndbox>
	</object>
</annotation>
