<annotation>
	<folder>cruise ship</folder>
	<filename>boat-cruise-ship-travel-stop-3714690.jpg</filename>
	<path>C:\Users\51-9302\Desktop\BTRD\BTRD\cruise ship\boat-cruise-ship-travel-stop-3714690.jpg</path>
	<source>
		<database>Unknown</database>
	</source>
	<size>
		<width>1280</width>
		<height>772</height>
		<depth>3</depth>
	</size>
	<segmented>0</segmented>
	<object>
		<name>cruiseship</name>
		<pose>Unspecified</pose>
		<truncated>0</truncated>
		<difficult>0</difficult>
		<bndbox>
			<xmin>38</xmin>
			<ymin>300</ymin>
			<xmax>1141</xmax>
			<ymax>561</ymax>
		</bndbox>
	</object>
</annotation>
