<annotation>
	<folder>sailboat</folder>
	<filename>boat-sailboat-sea-sailing-159095.jpg</filename>
	<path>C:\Users\51-9302\Desktop\BTRD\BTRD\sailboat\boat-sailboat-sea-sailing-159095.jpg</path>
	<source>
		<database>Unknown</database>
	</source>
	<size>
		<width>1280</width>
		<height>641</height>
		<depth>1</depth>
	</size>
	<segmented>0</segmented>
	<object>
		<name>sailboat</name>
		<pose>Unspecified</pose>
		<truncated>1</truncated>
		<difficult>0</difficult>
		<bndbox>
			<xmin>265</xmin>
			<ymin>1</ymin>
			<xmax>846</xmax>
			<ymax>620</ymax>
		</bndbox>
	</object>
</annotation>
