<annotation>
	<folder>sailboat</folder>
	<filename>boats-yacht-bay-ship-water-sea-2758960.jpg</filename>
	<path>C:\Users\51-9302\Desktop\BTRD\BTRD\sailboat\boats-yacht-bay-ship-water-sea-2758960.jpg</path>
	<source>
		<database>Unknown</database>
	</source>
	<size>
		<width>853</width>
		<height>1280</height>
		<depth>3</depth>
	</size>
	<segmented>0</segmented>
	<object>
		<name>sailboat</name>
		<pose>Unspecified</pose>
		<truncated>0</truncated>
		<difficult>0</difficult>
		<bndbox>
			<xmin>284</xmin>
			<ymin>31</ymin>
			<xmax>473</xmax>
			<ymax>638</ymax>
		</bndbox>
	</object>
	<object>
		<name>sailboat</name>
		<pose>Unspecified</pose>
		<truncated>0</truncated>
		<difficult>0</difficult>
		<bndbox>
			<xmin>166</xmin>
			<ymin>139</ymin>
			<xmax>724</xmax>
			<ymax>574</ymax>
		</bndbox>
	</object>
</annotation>
