<annotation>
	<folder>sailboat</folder>
	<filename>boat-haze-ship-alone-marine-water-1819696.jpg</filename>
	<path>C:\Users\51-9302\Desktop\BTRD\BTRD\sailboat\boat-haze-ship-alone-marine-water-1819696.jpg</path>
	<source>
		<database>Unknown</database>
	</source>
	<size>
		<width>1280</width>
		<height>853</height>
		<depth>3</depth>
	</size>
	<segmented>0</segmented>
	<object>
		<name>sailboat</name>
		<pose>Unspecified</pose>
		<truncated>0</truncated>
		<difficult>0</difficult>
		<bndbox>
			<xmin>823</xmin>
			<ymin>654</ymin>
			<xmax>867</xmax>
			<ymax>710</ymax>
		</bndbox>
	</object>
</annotation>
