<annotation>
	<folder>sailboat</folder>
	<filename>boat-vessel-ship-sailboat-pirate-ship-cr-2019184.jpg</filename>
	<path>C:\Users\51-9302\Desktop\BTRD\BTRD\sailboat\boat-vessel-ship-sailboat-pirate-ship-cr-2019184.jpg</path>
	<source>
		<database>Unknown</database>
	</source>
	<size>
		<width>1280</width>
		<height>853</height>
		<depth>3</depth>
	</size>
	<segmented>0</segmented>
	<object>
		<name>sailboat</name>
		<pose>Unspecified</pose>
		<truncated>0</truncated>
		<difficult>0</difficult>
		<bndbox>
			<xmin>211</xmin>
			<ymin>39</ymin>
			<xmax>1037</xmax>
			<ymax>792</ymax>
		</bndbox>
	</object>
</annotation>
