<annotation>
	<folder>buoy</folder>
	<filename>boat-water-bird-beach-sand-2840152.jpg</filename>
	<path>C:\Users\51-9302\Desktop\BTRD\buoy\boat-water-bird-beach-sand-2840152.jpg</path>
	<source>
		<database>Unknown</database>
	</source>
	<size>
		<width>502</width>
		<height>850</height>
		<depth>3</depth>
	</size>
	<segmented>0</segmented>
	<object>
		<name>buoy</name>
		<pose>Unspecified</pose>
		<truncated>0</truncated>
		<difficult>0</difficult>
		<bndbox>
			<xmin>44</xmin>
			<ymin>354</ymin>
			<xmax>115</xmax>
			<ymax>620</ymax>
		</bndbox>
	</object>
	<object>
		<name>buoy</name>
		<pose>Unspecified</pose>
		<truncated>0</truncated>
		<difficult>0</difficult>
		<bndbox>
			<xmin>151</xmin>
			<ymin>562</ymin>
			<xmax>253</xmax>
			<ymax>622</ymax>
		</bndbox>
	</object>
</annotation>
