<annotation>
	<folder>sailboat</folder>
	<filename>boat-sail-sailboat-schooner-sea-ship-oce-159368.jpg</filename>
	<path>C:\Users\51-9302\Desktop\BTRD\BTRD\sailboat\boat-sail-sailboat-schooner-sea-ship-oce-159368.jpg</path>
	<source>
		<database>Unknown</database>
	</source>
	<size>
		<width>1259</width>
		<height>1280</height>
		<depth>1</depth>
	</size>
	<segmented>0</segmented>
	<object>
		<name>sailboat</name>
		<pose>Unspecified</pose>
		<truncated>1</truncated>
		<difficult>0</difficult>
		<bndbox>
			<xmin>1</xmin>
			<ymin>1</ymin>
			<xmax>1259</xmax>
			<ymax>1280</ymax>
		</bndbox>
	</object>
</annotation>
