<annotation>
	<folder>sailboat</folder>
	<filename>body-of-water-sea-sunset-sailboat-3179387.jpg</filename>
	<path>C:\Users\51-9302\Desktop\BTRD\BTRD\sailboat\body-of-water-sea-sunset-sailboat-3179387.jpg</path>
	<source>
		<database>Unknown</database>
	</source>
	<size>
		<width>1280</width>
		<height>852</height>
		<depth>3</depth>
	</size>
	<segmented>0</segmented>
	<object>
		<name>sailboat</name>
		<pose>Unspecified</pose>
		<truncated>0</truncated>
		<difficult>0</difficult>
		<bndbox>
			<xmin>550</xmin>
			<ymin>123</ymin>
			<xmax>719</xmax>
			<ymax>472</ymax>
		</bndbox>
	</object>
	<object>
		<name>sailboat</name>
		<pose>Unspecified</pose>
		<truncated>0</truncated>
		<difficult>0</difficult>
		<bndbox>
			<xmin>1018</xmin>
			<ymin>27</ymin>
			<xmax>1258</xmax>
			<ymax>535</ymax>
		</bndbox>
	</object>
	<object>
		<name>sailboat</name>
		<pose>Unspecified</pose>
		<truncated>0</truncated>
		<difficult>0</difficult>
		<bndbox>
			<xmin>160</xmin>
			<ymin>328</ymin>
			<xmax>247</xmax>
			<ymax>462</ymax>
		</bndbox>
	</object>
</annotation>
