<annotation>
	<folder>sailboat</folder>
	<filename>body-of-water-sea-ocean-nature-3137509.jpg</filename>
	<path>C:\Users\51-9302\Desktop\BTRD\BTRD\sailboat\body-of-water-sea-ocean-nature-3137509.jpg</path>
	<source>
		<database>Unknown</database>
	</source>
	<size>
		<width>1280</width>
		<height>853</height>
		<depth>3</depth>
	</size>
	<segmented>0</segmented>
	<object>
		<name>sailboat</name>
		<pose>Unspecified</pose>
		<truncated>0</truncated>
		<difficult>0</difficult>
		<bndbox>
			<xmin>1012</xmin>
			<ymin>259</ymin>
			<xmax>1218</xmax>
			<ymax>547</ymax>
		</bndbox>
	</object>
</annotation>
