<annotation>
	<folder>gondola</folder>
	<filename>body-of-water-pool-travel-hotel-3267869.jpg</filename>
	<path>C:\Users\51-9302\Desktop\BTRD\BTRD\gondola\body-of-water-pool-travel-hotel-3267869.jpg</path>
	<source>
		<database>Unknown</database>
	</source>
	<size>
		<width>1280</width>
		<height>851</height>
		<depth>3</depth>
	</size>
	<segmented>0</segmented>
	<object>
		<name>gondola</name>
		<pose>Unspecified</pose>
		<truncated>0</truncated>
		<difficult>0</difficult>
		<bndbox>
			<xmin>349</xmin>
			<ymin>435</ymin>
			<xmax>1013</xmax>
			<ymax>596</ymax>
		</bndbox>
	</object>
</annotation>
