<annotation>
	<folder>buoy</folder>
	<filename>bojka-buoy-water-bojka-rescue-882679.jpg</filename>
	<path>C:\Users\51-9302\Desktop\BTRD\buoy\bojka-buoy-water-bojka-rescue-882679.jpg</path>
	<source>
		<database>Unknown</database>
	</source>
	<size>
		<width>1280</width>
		<height>853</height>
		<depth>3</depth>
	</size>
	<segmented>0</segmented>
	<object>
		<name>buoy</name>
		<pose>Unspecified</pose>
		<truncated>0</truncated>
		<difficult>0</difficult>
		<bndbox>
			<xmin>170</xmin>
			<ymin>105</ymin>
			<xmax>1157</xmax>
			<ymax>395</ymax>
		</bndbox>
	</object>
</annotation>
