<annotation>
	<folder>sailboat</folder>
	<filename>bosphorus-istanbul-sailboat-3556995.jpg</filename>
	<path>C:\Users\51-9302\Desktop\BTRD\BTRD\sailboat\bosphorus-istanbul-sailboat-3556995.jpg</path>
	<source>
		<database>Unknown</database>
	</source>
	<size>
		<width>837</width>
		<height>1280</height>
		<depth>3</depth>
	</size>
	<segmented>0</segmented>
	<object>
		<name>sailboat</name>
		<pose>Unspecified</pose>
		<truncated>0</truncated>
		<difficult>0</difficult>
		<bndbox>
			<xmin>193</xmin>
			<ymin>79</ymin>
			<xmax>536</xmax>
			<ymax>1210</ymax>
		</bndbox>
	</object>
</annotation>
