<annotation>
	<folder>sailboat</folder>
	<filename>bottle-seashore-sailing-boat-sail-sky-cl-1470589.jpg</filename>
	<path>C:\Users\51-9302\Desktop\BTRD\BTRD\sailboat\bottle-seashore-sailing-boat-sail-sky-cl-1470589.jpg</path>
	<source>
		<database>Unknown</database>
	</source>
	<size>
		<width>1280</width>
		<height>947</height>
		<depth>3</depth>
	</size>
	<segmented>0</segmented>
	<object>
		<name>sailboat</name>
		<pose>Unspecified</pose>
		<truncated>0</truncated>
		<difficult>0</difficult>
		<bndbox>
			<xmin>620</xmin>
			<ymin>368</ymin>
			<xmax>730</xmax>
			<ymax>513</ymax>
		</bndbox>
	</object>
</annotation>
