<annotation>
	<folder>gondola</folder>
	<filename>bridge-of-sighs-venice-gondola-3562574.jpg</filename>
	<path>C:\Users\51-9302\Desktop\BTRD\BTRD\gondola\bridge-of-sighs-venice-gondola-3562574.jpg</path>
	<source>
		<database>Unknown</database>
	</source>
	<size>
		<width>960</width>
		<height>1280</height>
		<depth>3</depth>
	</size>
	<segmented>0</segmented>
	<object>
		<name>gondola</name>
		<pose>Unspecified</pose>
		<truncated>0</truncated>
		<difficult>0</difficult>
		<bndbox>
			<xmin>398</xmin>
			<ymin>689</ymin>
			<xmax>487</xmax>
			<ymax>815</ymax>
		</bndbox>
	</object>
</annotation>
