<annotation>
	<folder>ferry boat</folder>
	<filename>bridge-river-ship-river-navigation-3694245.jpg</filename>
	<path>C:\Users\51-9302\Desktop\BTRD\BTRD\ferry boat\bridge-river-ship-river-navigation-3694245.jpg</path>
	<source>
		<database>Unknown</database>
	</source>
	<size>
		<width>1280</width>
		<height>853</height>
		<depth>3</depth>
	</size>
	<segmented>0</segmented>
	<object>
		<name>cruiseship</name>
		<pose>Unspecified</pose>
		<truncated>0</truncated>
		<difficult>0</difficult>
		<bndbox>
			<xmin>136</xmin>
			<ymin>478</ymin>
			<xmax>1149</xmax>
			<ymax>735</ymax>
		</bndbox>
	</object>
	<object>
		<name>cruiseship</name>
		<pose>Unspecified</pose>
		<truncated>0</truncated>
		<difficult>0</difficult>
		<bndbox>
			<xmin>412</xmin>
			<ymin>409</ymin>
			<xmax>737</xmax>
			<ymax>479</ymax>
		</bndbox>
	</object>
</annotation>
