<annotation>
	<folder>gondola</folder>
	<filename>bridges-canal-customers-gondola-gondolie-1294967.jpg</filename>
	<path>C:\Users\51-9302\Desktop\BTRD\BTRD\gondola\bridges-canal-customers-gondola-gondolie-1294967.jpg</path>
	<source>
		<database>Unknown</database>
	</source>
	<size>
		<width>794</width>
		<height>1280</height>
		<depth>1</depth>
	</size>
	<segmented>0</segmented>
	<object>
		<name>gondola</name>
		<pose>Unspecified</pose>
		<truncated>0</truncated>
		<difficult>0</difficult>
		<bndbox>
			<xmin>112</xmin>
			<ymin>597</ymin>
			<xmax>696</xmax>
			<ymax>1017</ymax>
		</bndbox>
	</object>
</annotation>
