<annotation>
	<folder>ferry boat</folder>
	<filename>budapest-hungary-parliament-building-pal-632851.jpg</filename>
	<path>C:\Users\51-9302\Desktop\BTRD\BTRD\ferry boat\budapest-hungary-parliament-building-pal-632851.jpg</path>
	<source>
		<database>Unknown</database>
	</source>
	<size>
		<width>1280</width>
		<height>865</height>
		<depth>3</depth>
	</size>
	<segmented>0</segmented>
	<object>
		<name>cruiseship</name>
		<pose>Unspecified</pose>
		<truncated>0</truncated>
		<difficult>0</difficult>
		<bndbox>
			<xmin>354</xmin>
			<ymin>628</ymin>
			<xmax>737</xmax>
			<ymax>721</ymax>
		</bndbox>
	</object>
</annotation>
