<annotation>
	<folder>buoy</folder>
	<filename>buoy-lverstopt-river-340716.jpg</filename>
	<path>C:\Users\51-9302\Desktop\BTRD\buoy\buoy-lverstopt-river-340716.jpg</path>
	<source>
		<database>Unknown</database>
	</source>
	<size>
		<width>1280</width>
		<height>960</height>
		<depth>3</depth>
	</size>
	<segmented>0</segmented>
	<object>
		<name>buoy</name>
		<pose>Unspecified</pose>
		<truncated>1</truncated>
		<difficult>0</difficult>
		<bndbox>
			<xmin>302</xmin>
			<ymin>262</ymin>
			<xmax>1055</xmax>
			<ymax>960</ymax>
		</bndbox>
	</object>
</annotation>
