<annotation>
	<folder>buoy</folder>
	<filename>buoy-seagull-water-nature-birds-3764298.jpg</filename>
	<path>C:\Users\51-9302\Desktop\BTRD\buoy\buoy-seagull-water-nature-birds-3764298.jpg</path>
	<source>
		<database>Unknown</database>
	</source>
	<size>
		<width>1280</width>
		<height>853</height>
		<depth>3</depth>
	</size>
	<segmented>0</segmented>
	<object>
		<name>buoy</name>
		<pose>Unspecified</pose>
		<truncated>0</truncated>
		<difficult>0</difficult>
		<bndbox>
			<xmin>824</xmin>
			<ymin>162</ymin>
			<xmax>871</xmax>
			<ymax>286</ymax>
		</bndbox>
	</object>
	<object>
		<name>buoy</name>
		<pose>Unspecified</pose>
		<truncated>0</truncated>
		<difficult>0</difficult>
		<bndbox>
			<xmin>697</xmin>
			<ymin>287</ymin>
			<xmax>752</xmax>
			<ymax>455</ymax>
		</bndbox>
	</object>
</annotation>
