<annotation>
	<folder>buoy</folder>
	<filename>buoy-sea-water-ocean-marine-float-2673666.jpg</filename>
	<path>C:\Users\51-9302\Desktop\BTRD\buoy\buoy-sea-water-ocean-marine-float-2673666.jpg</path>
	<source>
		<database>Unknown</database>
	</source>
	<size>
		<width>853</width>
		<height>1280</height>
		<depth>3</depth>
	</size>
	<segmented>0</segmented>
	<object>
		<name>buoy</name>
		<pose>Unspecified</pose>
		<truncated>0</truncated>
		<difficult>0</difficult>
		<bndbox>
			<xmin>367</xmin>
			<ymin>362</ymin>
			<xmax>470</xmax>
			<ymax>472</ymax>
		</bndbox>
	</object>
</annotation>
