<annotation>
	<folder>buoy</folder>
	<filename>buoy-perazzo-water-lake-nature-3542177.jpg</filename>
	<path>C:\Users\51-9302\Desktop\BTRD\buoy\buoy-perazzo-water-lake-nature-3542177.jpg</path>
	<source>
		<database>Unknown</database>
	</source>
	<size>
		<width>1280</width>
		<height>853</height>
		<depth>3</depth>
	</size>
	<segmented>0</segmented>
	<object>
		<name>buoy</name>
		<pose>Unspecified</pose>
		<truncated>0</truncated>
		<difficult>0</difficult>
		<bndbox>
			<xmin>97</xmin>
			<ymin>306</ymin>
			<xmax>739</xmax>
			<ymax>505</ymax>
		</bndbox>
	</object>
</annotation>
