<annotation>
	<folder>buoy</folder>
	<filename>buoys-river-boats-stein-am-rhein-113406.jpg</filename>
	<path>C:\Users\51-9302\Desktop\BTRD\buoy\buoys-river-boats-stein-am-rhein-113406.jpg</path>
	<source>
		<database>Unknown</database>
	</source>
	<size>
		<width>1280</width>
		<height>601</height>
		<depth>3</depth>
	</size>
	<segmented>0</segmented>
	<object>
		<name>buoy</name>
		<pose>Unspecified</pose>
		<truncated>0</truncated>
		<difficult>0</difficult>
		<bndbox>
			<xmin>154</xmin>
			<ymin>208</ymin>
			<xmax>242</xmax>
			<ymax>319</ymax>
		</bndbox>
	</object>
	<object>
		<name>buoy</name>
		<pose>Unspecified</pose>
		<truncated>0</truncated>
		<difficult>0</difficult>
		<bndbox>
			<xmin>436</xmin>
			<ymin>205</ymin>
			<xmax>514</xmax>
			<ymax>278</ymax>
		</bndbox>
	</object>
	<object>
		<name>buoy</name>
		<pose>Unspecified</pose>
		<truncated>0</truncated>
		<difficult>0</difficult>
		<bndbox>
			<xmin>458</xmin>
			<ymin>96</ymin>
			<xmax>539</xmax>
			<ymax>171</ymax>
		</bndbox>
	</object>
	<object>
		<name>buoy</name>
		<pose>Unspecified</pose>
		<truncated>0</truncated>
		<difficult>0</difficult>
		<bndbox>
			<xmin>902</xmin>
			<ymin>52</ymin>
			<xmax>975</xmax>
			<ymax>122</ymax>
		</bndbox>
	</object>
	<object>
		<name>buoy</name>
		<pose>Unspecified</pose>
		<truncated>0</truncated>
		<difficult>0</difficult>
		<bndbox>
			<xmin>979</xmin>
			<ymin>4</ymin>
			<xmax>1071</xmax>
			<ymax>70</ymax>
		</bndbox>
	</object>
</annotation>
