<annotation>
	<folder>buoy</folder>
	<filename>buoy-water-keyhaven-united-states-of-ame-828029.jpg</filename>
	<path>C:\Users\51-9302\Desktop\BTRD\buoy\buoy-water-keyhaven-united-states-of-ame-828029.jpg</path>
	<source>
		<database>Unknown</database>
	</source>
	<size>
		<width>1280</width>
		<height>853</height>
		<depth>3</depth>
	</size>
	<segmented>0</segmented>
	<object>
		<name>buoy</name>
		<pose>Unspecified</pose>
		<truncated>0</truncated>
		<difficult>0</difficult>
		<bndbox>
			<xmin>178</xmin>
			<ymin>106</ymin>
			<xmax>280</xmax>
			<ymax>194</ymax>
		</bndbox>
	</object>
	<object>
		<name>buoy</name>
		<pose>Unspecified</pose>
		<truncated>0</truncated>
		<difficult>0</difficult>
		<bndbox>
			<xmin>564</xmin>
			<ymin>193</ymin>
			<xmax>787</xmax>
			<ymax>452</ymax>
		</bndbox>
	</object>
</annotation>
