<annotation>
	<folder>buoy</folder>
	<filename>buoy-navigation-marine-maritime-412276.jpg</filename>
	<path>C:\Users\51-9302\Desktop\BTRD\buoy\buoy-navigation-marine-maritime-412276.jpg</path>
	<source>
		<database>Unknown</database>
	</source>
	<size>
		<width>1280</width>
		<height>850</height>
		<depth>3</depth>
	</size>
	<segmented>0</segmented>
	<object>
		<name>buoy</name>
		<pose>Unspecified</pose>
		<truncated>1</truncated>
		<difficult>0</difficult>
		<bndbox>
			<xmin>157</xmin>
			<ymin>249</ymin>
			<xmax>779</xmax>
			<ymax>850</ymax>
		</bndbox>
	</object>
</annotation>
