<annotation>
	<folder>buoy</folder>
	<filename>buoy-beach-sea-buoys-scenic-242727.jpg</filename>
	<path>C:\Users\51-9302\Desktop\BTRD\buoy\buoy-beach-sea-buoys-scenic-242727.jpg</path>
	<source>
		<database>Unknown</database>
	</source>
	<size>
		<width>1280</width>
		<height>809</height>
		<depth>3</depth>
	</size>
	<segmented>0</segmented>
	<object>
		<name>buoy</name>
		<pose>Unspecified</pose>
		<truncated>1</truncated>
		<difficult>0</difficult>
		<bndbox>
			<xmin>577</xmin>
			<ymin>57</ymin>
			<xmax>1131</xmax>
			<ymax>809</ymax>
		</bndbox>
	</object>
</annotation>
