<annotation>
	<folder>buoy</folder>
	<filename>buoy-yellow-lake-winter-pond-ice-933324.jpg</filename>
	<path>C:\Users\51-9302\Desktop\BTRD\buoy\buoy-yellow-lake-winter-pond-ice-933324.jpg</path>
	<source>
		<database>Unknown</database>
	</source>
	<size>
		<width>1280</width>
		<height>960</height>
		<depth>3</depth>
	</size>
	<segmented>0</segmented>
	<object>
		<name>buoy</name>
		<pose>Unspecified</pose>
		<truncated>0</truncated>
		<difficult>0</difficult>
		<bndbox>
			<xmin>614</xmin>
			<ymin>564</ymin>
			<xmax>697</xmax>
			<ymax>670</ymax>
		</bndbox>
	</object>
</annotation>
