<annotation>
	<folder>buoy</folder>
	<filename>buoy-water-signs-symbols-39257.jpg</filename>
	<path>C:\Users\51-9302\Desktop\BTRD\buoy\buoy-water-signs-symbols-39257.jpg</path>
	<source>
		<database>Unknown</database>
	</source>
	<size>
		<width>640</width>
		<height>1280</height>
		<depth>3</depth>
	</size>
	<segmented>0</segmented>
	<object>
		<name>buoy</name>
		<pose>Unspecified</pose>
		<truncated>1</truncated>
		<difficult>0</difficult>
		<bndbox>
			<xmin>21</xmin>
			<ymin>2</ymin>
			<xmax>613</xmax>
			<ymax>1280</ymax>
		</bndbox>
	</object>
</annotation>
