<annotation>
	<folder>buoy</folder>
	<filename>buoy-buoy-marker-ocean-sea-sea-buoy-tide-72044.jpg</filename>
	<path>C:\Users\51-9302\Desktop\BTRD\buoy\buoy-buoy-marker-ocean-sea-sea-buoy-tide-72044.jpg</path>
	<source>
		<database>Unknown</database>
	</source>
	<size>
		<width>1280</width>
		<height>960</height>
		<depth>3</depth>
	</size>
	<segmented>0</segmented>
	<object>
		<name>buoy</name>
		<pose>Unspecified</pose>
		<truncated>0</truncated>
		<difficult>0</difficult>
		<bndbox>
			<xmin>422</xmin>
			<ymin>141</ymin>
			<xmax>799</xmax>
			<ymax>738</ymax>
		</bndbox>
	</object>
</annotation>
