<annotation>
	<folder>buoy</folder>
	<filename>buoy-yellow-coast-beach-necklace-2341844.jpg</filename>
	<path>C:\Users\51-9302\Desktop\BTRD\buoy\buoy-yellow-coast-beach-necklace-2341844.jpg</path>
	<source>
		<database>Unknown</database>
	</source>
	<size>
		<width>1280</width>
		<height>856</height>
		<depth>3</depth>
	</size>
	<segmented>0</segmented>
	<object>
		<name>buoy</name>
		<pose>Unspecified</pose>
		<truncated>0</truncated>
		<difficult>0</difficult>
		<bndbox>
			<xmin>439</xmin>
			<ymin>273</ymin>
			<xmax>869</xmax>
			<ymax>721</ymax>
		</bndbox>
	</object>
</annotation>
