<annotation>
	<folder>buoy</folder>
	<filename>buoys-water-lake-safety-lifesaver-791339.jpg</filename>
	<path>C:\Users\51-9302\Desktop\BTRD\buoy\buoys-water-lake-safety-lifesaver-791339.jpg</path>
	<source>
		<database>Unknown</database>
	</source>
	<size>
		<width>1280</width>
		<height>853</height>
		<depth>3</depth>
	</size>
	<segmented>0</segmented>
	<object>
		<name>buoy</name>
		<pose>Unspecified</pose>
		<truncated>0</truncated>
		<difficult>0</difficult>
		<bndbox>
			<xmin>873</xmin>
			<ymin>644</ymin>
			<xmax>939</xmax>
			<ymax>680</ymax>
		</bndbox>
	</object>
	<object>
		<name>buoy</name>
		<pose>Unspecified</pose>
		<truncated>0</truncated>
		<difficult>0</difficult>
		<bndbox>
			<xmin>888</xmin>
			<ymin>553</ymin>
			<xmax>935</xmax>
			<ymax>587</ymax>
		</bndbox>
	</object>
	<object>
		<name>buoy</name>
		<pose>Unspecified</pose>
		<truncated>0</truncated>
		<difficult>0</difficult>
		<bndbox>
			<xmin>887</xmin>
			<ymin>522</ymin>
			<xmax>938</xmax>
			<ymax>551</ymax>
		</bndbox>
	</object>
	<object>
		<name>buoy</name>
		<pose>Unspecified</pose>
		<truncated>0</truncated>
		<difficult>0</difficult>
		<bndbox>
			<xmin>884</xmin>
			<ymin>483</ymin>
			<xmax>933</xmax>
			<ymax>515</ymax>
		</bndbox>
	</object>
	<object>
		<name>buoy</name>
		<pose>Unspecified</pose>
		<truncated>0</truncated>
		<difficult>0</difficult>
		<bndbox>
			<xmin>887</xmin>
			<ymin>385</ymin>
			<xmax>924</xmax>
			<ymax>410</ymax>
		</bndbox>
	</object>
	<object>
		<name>buoy</name>
		<pose>Unspecified</pose>
		<truncated>0</truncated>
		<difficult>0</difficult>
		<bndbox>
			<xmin>891</xmin>
			<ymin>347</ymin>
			<xmax>931</xmax>
			<ymax>373</ymax>
		</bndbox>
	</object>
	<object>
		<name>buoy</name>
		<pose>Unspecified</pose>
		<truncated>0</truncated>
		<difficult>0</difficult>
		<bndbox>
			<xmin>897</xmin>
			<ymin>309</ymin>
			<xmax>940</xmax>
			<ymax>336</ymax>
		</bndbox>
	</object>
	<object>
		<name>buoy</name>
		<pose>Unspecified</pose>
		<truncated>0</truncated>
		<difficult>0</difficult>
		<bndbox>
			<xmin>905</xmin>
			<ymin>279</ymin>
			<xmax>939</xmax>
			<ymax>304</ymax>
		</bndbox>
	</object>
	<object>
		<name>buoy</name>
		<pose>Unspecified</pose>
		<truncated>0</truncated>
		<difficult>0</difficult>
		<bndbox>
			<xmin>903</xmin>
			<ymin>251</ymin>
			<xmax>939</xmax>
			<ymax>270</ymax>
		</bndbox>
	</object>
</annotation>
