<annotation>
	<folder>buoy</folder>
	<filename>buoy-sunset-ocean-water-sky-sea-nature-b-1094912.jpg</filename>
	<path>C:\Users\51-9302\Desktop\BTRD\buoy\buoy-sunset-ocean-water-sky-sea-nature-b-1094912.jpg</path>
	<source>
		<database>Unknown</database>
	</source>
	<size>
		<width>1280</width>
		<height>853</height>
		<depth>3</depth>
	</size>
	<segmented>0</segmented>
	<object>
		<name>buoy</name>
		<pose>Unspecified</pose>
		<truncated>0</truncated>
		<difficult>0</difficult>
		<bndbox>
			<xmin>590</xmin>
			<ymin>270</ymin>
			<xmax>704</xmax>
			<ymax>517</ymax>
		</bndbox>
	</object>
</annotation>
