<annotation>
	<folder>buoy</folder>
	<filename>buoys-daymark-maritime-ship-coast-83926.jpg</filename>
	<path>C:\Users\51-9302\Desktop\BTRD\buoy\buoys-daymark-maritime-ship-coast-83926.jpg</path>
	<source>
		<database>Unknown</database>
	</source>
	<size>
		<width>1280</width>
		<height>960</height>
		<depth>3</depth>
	</size>
	<segmented>0</segmented>
	<object>
		<name>buoy</name>
		<pose>Unspecified</pose>
		<truncated>0</truncated>
		<difficult>0</difficult>
		<bndbox>
			<xmin>243</xmin>
			<ymin>560</ymin>
			<xmax>441</xmax>
			<ymax>694</ymax>
		</bndbox>
	</object>
	<object>
		<name>buoy</name>
		<pose>Unspecified</pose>
		<truncated>0</truncated>
		<difficult>0</difficult>
		<bndbox>
			<xmin>324</xmin>
			<ymin>634</ymin>
			<xmax>441</xmax>
			<ymax>709</ymax>
		</bndbox>
	</object>
	<object>
		<name>buoy</name>
		<pose>Unspecified</pose>
		<truncated>0</truncated>
		<difficult>0</difficult>
		<bndbox>
			<xmin>429</xmin>
			<ymin>549</ymin>
			<xmax>623</xmax>
			<ymax>680</ymax>
		</bndbox>
	</object>
	<object>
		<name>buoy</name>
		<pose>Unspecified</pose>
		<truncated>0</truncated>
		<difficult>0</difficult>
		<bndbox>
			<xmin>693</xmin>
			<ymin>682</ymin>
			<xmax>1270</xmax>
			<ymax>934</ymax>
		</bndbox>
	</object>
	<object>
		<name>buoy</name>
		<pose>Unspecified</pose>
		<truncated>0</truncated>
		<difficult>0</difficult>
		<bndbox>
			<xmin>967</xmin>
			<ymin>543</ymin>
			<xmax>1216</xmax>
			<ymax>705</ymax>
		</bndbox>
	</object>
	<object>
		<name>buoy</name>
		<pose>Unspecified</pose>
		<truncated>0</truncated>
		<difficult>0</difficult>
		<bndbox>
			<xmin>106</xmin>
			<ymin>596</ymin>
			<xmax>192</xmax>
			<ymax>662</ymax>
		</bndbox>
	</object>
</annotation>
