<annotation>
	<folder>buoy</folder>
	<filename>buoy-waters-marker-sea-ocean-14553.jpg</filename>
	<path>C:\Users\51-9302\Desktop\BTRD\buoy\buoy-waters-marker-sea-ocean-14553.jpg</path>
	<source>
		<database>Unknown</database>
	</source>
	<size>
		<width>1280</width>
		<height>574</height>
		<depth>3</depth>
	</size>
	<segmented>0</segmented>
	<object>
		<name>buoy</name>
		<pose>Unspecified</pose>
		<truncated>0</truncated>
		<difficult>0</difficult>
		<bndbox>
			<xmin>313</xmin>
			<ymin>67</ymin>
			<xmax>1003</xmax>
			<ymax>471</ymax>
		</bndbox>
	</object>
</annotation>
