<annotation>
	<folder>buoy</folder>
	<filename>buoys-maritime-shipping-colorful-408287.jpg</filename>
	<path>C:\Users\51-9302\Desktop\BTRD\buoy\buoys-maritime-shipping-colorful-408287.jpg</path>
	<source>
		<database>Unknown</database>
	</source>
	<size>
		<width>1280</width>
		<height>985</height>
		<depth>3</depth>
	</size>
	<segmented>0</segmented>
	<object>
		<name>buoy</name>
		<pose>Unspecified</pose>
		<truncated>0</truncated>
		<difficult>0</difficult>
		<bndbox>
			<xmin>253</xmin>
			<ymin>23</ymin>
			<xmax>658</xmax>
			<ymax>697</ymax>
		</bndbox>
	</object>
	<object>
		<name>buoy</name>
		<pose>Unspecified</pose>
		<truncated>0</truncated>
		<difficult>0</difficult>
		<bndbox>
			<xmin>608</xmin>
			<ymin>64</ymin>
			<xmax>1240</xmax>
			<ymax>964</ymax>
		</bndbox>
	</object>
	<object>
		<name>buoy</name>
		<pose>Unspecified</pose>
		<truncated>0</truncated>
		<difficult>0</difficult>
		<bndbox>
			<xmin>557</xmin>
			<ymin>25</ymin>
			<xmax>840</xmax>
			<ymax>576</ymax>
		</bndbox>
	</object>
	<object>
		<name>buoy</name>
		<pose>Unspecified</pose>
		<truncated>0</truncated>
		<difficult>0</difficult>
		<bndbox>
			<xmin>1022</xmin>
			<ymin>50</ymin>
			<xmax>1219</xmax>
			<ymax>462</ymax>
		</bndbox>
	</object>
</annotation>
