<annotation>
	<folder>buoy</folder>
	<filename>buoys-water-series-arrangement-3567037.jpg</filename>
	<path>C:\Users\51-9302\Desktop\BTRD\buoy\buoys-water-series-arrangement-3567037.jpg</path>
	<source>
		<database>Unknown</database>
	</source>
	<size>
		<width>853</width>
		<height>1280</height>
		<depth>3</depth>
	</size>
	<segmented>0</segmented>
	<object>
		<name>buoy</name>
		<pose>Unspecified</pose>
		<truncated>0</truncated>
		<difficult>0</difficult>
		<bndbox>
			<xmin>123</xmin>
			<ymin>988</ymin>
			<xmax>268</xmax>
			<ymax>1130</ymax>
		</bndbox>
	</object>
	<object>
		<name>buoy</name>
		<pose>Unspecified</pose>
		<truncated>0</truncated>
		<difficult>0</difficult>
		<bndbox>
			<xmin>212</xmin>
			<ymin>700</ymin>
			<xmax>300</xmax>
			<ymax>805</ymax>
		</bndbox>
	</object>
	<object>
		<name>buoy</name>
		<pose>Unspecified</pose>
		<truncated>0</truncated>
		<difficult>0</difficult>
		<bndbox>
			<xmin>254</xmin>
			<ymin>532</ymin>
			<xmax>326</xmax>
			<ymax>621</ymax>
		</bndbox>
	</object>
	<object>
		<name>buoy</name>
		<pose>Unspecified</pose>
		<truncated>0</truncated>
		<difficult>0</difficult>
		<bndbox>
			<xmin>282</xmin>
			<ymin>437</ymin>
			<xmax>336</xmax>
			<ymax>509</ymax>
		</bndbox>
	</object>
	<object>
		<name>buoy</name>
		<pose>Unspecified</pose>
		<truncated>0</truncated>
		<difficult>0</difficult>
		<bndbox>
			<xmin>302</xmin>
			<ymin>377</ymin>
			<xmax>360</xmax>
			<ymax>438</ymax>
		</bndbox>
	</object>
	<object>
		<name>buoy</name>
		<pose>Unspecified</pose>
		<truncated>0</truncated>
		<difficult>0</difficult>
		<bndbox>
			<xmin>316</xmin>
			<ymin>321</ymin>
			<xmax>362</xmax>
			<ymax>382</ymax>
		</bndbox>
	</object>
	<object>
		<name>buoy</name>
		<pose>Unspecified</pose>
		<truncated>0</truncated>
		<difficult>0</difficult>
		<bndbox>
			<xmin>327</xmin>
			<ymin>276</ymin>
			<xmax>364</xmax>
			<ymax>326</ymax>
		</bndbox>
	</object>
	<object>
		<name>buoy</name>
		<pose>Unspecified</pose>
		<truncated>0</truncated>
		<difficult>0</difficult>
		<bndbox>
			<xmin>336</xmin>
			<ymin>245</ymin>
			<xmax>379</xmax>
			<ymax>284</ymax>
		</bndbox>
	</object>
</annotation>
