<annotation>
	<folder>buoy</folder>
	<filename>buoy-water-international-ocean-sea-39227.jpg</filename>
	<path>C:\Users\51-9302\Desktop\BTRD\buoy\buoy-water-international-ocean-sea-39227.jpg</path>
	<source>
		<database>Unknown</database>
	</source>
	<size>
		<width>644</width>
		<height>1280</height>
		<depth>3</depth>
	</size>
	<segmented>0</segmented>
	<object>
		<name>buoy</name>
		<pose>Unspecified</pose>
		<truncated>1</truncated>
		<difficult>0</difficult>
		<bndbox>
			<xmin>10</xmin>
			<ymin>1</ymin>
			<xmax>633</xmax>
			<ymax>1278</ymax>
		</bndbox>
	</object>
</annotation>
