<annotation>
	<folder>buoy</folder>
	<filename>buoy-beacon-water-blue-yellow-1661196.jpg</filename>
	<path>C:\Users\51-9302\Desktop\BTRD\buoy\buoy-beacon-water-blue-yellow-1661196.jpg</path>
	<source>
		<database>Unknown</database>
	</source>
	<size>
		<width>1280</width>
		<height>853</height>
		<depth>3</depth>
	</size>
	<segmented>0</segmented>
	<object>
		<name>buoy</name>
		<pose>Unspecified</pose>
		<truncated>1</truncated>
		<difficult>0</difficult>
		<bndbox>
			<xmin>460</xmin>
			<ymin>309</ymin>
			<xmax>1280</xmax>
			<ymax>546</ymax>
		</bndbox>
	</object>
</annotation>
