<annotation>
	<folder>buoy</folder>
	<filename>buoy-sky-coastal-blue-travel-3568365.jpg</filename>
	<path>C:\Users\51-9302\Desktop\BTRD\buoy\buoy-sky-coastal-blue-travel-3568365.jpg</path>
	<source>
		<database>Unknown</database>
	</source>
	<size>
		<width>1280</width>
		<height>853</height>
		<depth>3</depth>
	</size>
	<segmented>0</segmented>
	<object>
		<name>buoy</name>
		<pose>Unspecified</pose>
		<truncated>0</truncated>
		<difficult>0</difficult>
		<bndbox>
			<xmin>311</xmin>
			<ymin>107</ymin>
			<xmax>655</xmax>
			<ymax>771</ymax>
		</bndbox>
	</object>
</annotation>
