<annotation>
	<folder>buoy</folder>
	<filename>buoy-scheepvaartmarkering-2714628.jpg</filename>
	<path>C:\Users\51-9302\Desktop\BTRD\buoy\buoy-scheepvaartmarkering-2714628.jpg</path>
	<source>
		<database>Unknown</database>
	</source>
	<size>
		<width>1280</width>
		<height>729</height>
		<depth>3</depth>
	</size>
	<segmented>0</segmented>
	<object>
		<name>buoy</name>
		<pose>Unspecified</pose>
		<truncated>0</truncated>
		<difficult>0</difficult>
		<bndbox>
			<xmin>649</xmin>
			<ymin>179</ymin>
			<xmax>713</xmax>
			<ymax>400</ymax>
		</bndbox>
	</object>
</annotation>
