<annotation>
	<folder>buoy</folder>
	<filename>buoy-beacon-sea-beach-sand-2266571.jpg</filename>
	<path>C:\Users\51-9302\Desktop\BTRD\buoy\buoy-beacon-sea-beach-sand-2266571.jpg</path>
	<source>
		<database>Unknown</database>
	</source>
	<size>
		<width>1280</width>
		<height>720</height>
		<depth>3</depth>
	</size>
	<segmented>0</segmented>
	<object>
		<name>buoy</name>
		<pose>Unspecified</pose>
		<truncated>0</truncated>
		<difficult>0</difficult>
		<bndbox>
			<xmin>396</xmin>
			<ymin>19</ymin>
			<xmax>1108</xmax>
			<ymax>655</ymax>
		</bndbox>
	</object>
</annotation>
