<annotation>
	<folder>buoy</folder>
	<filename>buoy-surface-marker-buoy-floater-347847.jpg</filename>
	<path>C:\Users\51-9302\Desktop\BTRD\buoy\buoy-surface-marker-buoy-floater-347847.jpg</path>
	<source>
		<database>Unknown</database>
	</source>
	<size>
		<width>1280</width>
		<height>960</height>
		<depth>3</depth>
	</size>
	<segmented>0</segmented>
	<object>
		<name>buoy</name>
		<pose>Unspecified</pose>
		<truncated>0</truncated>
		<difficult>0</difficult>
		<bndbox>
			<xmin>402</xmin>
			<ymin>341</ymin>
			<xmax>858</xmax>
			<ymax>577</ymax>
		</bndbox>
	</object>
</annotation>
