<annotation>
	<folder>buoy</folder>
	<filename>buoy-float-floating-device-lifebuoy-2723.jpg</filename>
	<path>C:\Users\51-9302\Desktop\BTRD\buoy\buoy-float-floating-device-lifebuoy-2723.jpg</path>
	<source>
		<database>Unknown</database>
	</source>
	<size>
		<width>1280</width>
		<height>900</height>
		<depth>3</depth>
	</size>
	<segmented>0</segmented>
	<object>
		<name>buoy</name>
		<pose>Unspecified</pose>
		<truncated>0</truncated>
		<difficult>0</difficult>
		<bndbox>
			<xmin>164</xmin>
			<ymin>425</ymin>
			<xmax>979</xmax>
			<ymax>630</ymax>
		</bndbox>
	</object>
	<object>
		<name>buoy</name>
		<pose>Unspecified</pose>
		<truncated>0</truncated>
		<difficult>0</difficult>
		<bndbox>
			<xmin>50</xmin>
			<ymin>523</ymin>
			<xmax>242</xmax>
			<ymax>616</ymax>
		</bndbox>
	</object>
</annotation>
