<annotation>
	<folder>cruise ship</folder>
	<filename>businessman-empire-wealth-giant-1156879.jpg</filename>
	<path>C:\Users\51-9302\Desktop\BTRD\BTRD\cruise ship\businessman-empire-wealth-giant-1156879.jpg</path>
	<source>
		<database>Unknown</database>
	</source>
	<size>
		<width>1280</width>
		<height>728</height>
		<depth>3</depth>
	</size>
	<segmented>0</segmented>
	<object>
		<name>cruiseship</name>
		<pose>Unspecified</pose>
		<truncated>0</truncated>
		<difficult>0</difficult>
		<bndbox>
			<xmin>275</xmin>
			<ymin>435</ymin>
			<xmax>845</xmax>
			<ymax>613</ymax>
		</bndbox>
	</object>
	<object>
		<name>cruiseship</name>
		<pose>Unspecified</pose>
		<truncated>0</truncated>
		<difficult>0</difficult>
		<bndbox>
			<xmin>760</xmin>
			<ymin>430</ymin>
			<xmax>1221</xmax>
			<ymax>621</ymax>
		</bndbox>
	</object>
</annotation>
