<annotation>
	<folder>ferry boat</folder>
	<filename>bute-ferry-port-scotland-argyll-sea-scot-1010612.jpg</filename>
	<path>C:\Users\51-9302\Desktop\BTRD\BTRD\ferry boat\bute-ferry-port-scotland-argyll-sea-scot-1010612.jpg</path>
	<source>
		<database>Unknown</database>
	</source>
	<size>
		<width>1280</width>
		<height>673</height>
		<depth>3</depth>
	</size>
	<segmented>0</segmented>
	<object>
		<name>cruiseship</name>
		<pose>Unspecified</pose>
		<truncated>0</truncated>
		<difficult>0</difficult>
		<bndbox>
			<xmin>65</xmin>
			<ymin>195</ymin>
			<xmax>1006</xmax>
			<ymax>597</ymax>
		</bndbox>
	</object>
</annotation>
