<annotation>
	<folder>cruise ship</folder>
	<filename>cadiz-andalusia-spain-travel-sky-3197928.jpg</filename>
	<path>C:\Users\51-9302\Desktop\BTRD\BTRD\cruise ship\cadiz-andalusia-spain-travel-sky-3197928.jpg</path>
	<source>
		<database>Unknown</database>
	</source>
	<size>
		<width>1280</width>
		<height>853</height>
		<depth>3</depth>
	</size>
	<segmented>0</segmented>
	<object>
		<name>cruiseship</name>
		<pose>Unspecified</pose>
		<truncated>0</truncated>
		<difficult>0</difficult>
		<bndbox>
			<xmin>22</xmin>
			<ymin>454</ymin>
			<xmax>1228</xmax>
			<ymax>725</ymax>
		</bndbox>
	</object>
</annotation>
