<annotation>
	<folder>sailboat</folder>
	<filename>california-panorama-sea-ocean-2686349.jpg</filename>
	<path>C:\Users\51-9302\Desktop\BTRD\BTRD\sailboat\california-panorama-sea-ocean-2686349.jpg</path>
	<source>
		<database>Unknown</database>
	</source>
	<size>
		<width>1280</width>
		<height>770</height>
		<depth>3</depth>
	</size>
	<segmented>0</segmented>
	<object>
		<name>sailboat</name>
		<pose>Unspecified</pose>
		<truncated>0</truncated>
		<difficult>0</difficult>
		<bndbox>
			<xmin>482</xmin>
			<ymin>161</ymin>
			<xmax>745</xmax>
			<ymax>605</ymax>
		</bndbox>
	</object>
</annotation>
