<annotation>
	<folder>gondola</folder>
	<filename>canal-grande-venice-waterfront-italy-can-337987.jpg</filename>
	<path>C:\Users\51-9302\Desktop\BTRD\BTRD\gondola\canal-grande-venice-waterfront-italy-can-337987.jpg</path>
	<source>
		<database>Unknown</database>
	</source>
	<size>
		<width>1280</width>
		<height>853</height>
		<depth>3</depth>
	</size>
	<segmented>0</segmented>
	<object>
		<name>gondola</name>
		<pose>Unspecified</pose>
		<truncated>0</truncated>
		<difficult>0</difficult>
		<bndbox>
			<xmin>745</xmin>
			<ymin>610</ymin>
			<xmax>891</xmax>
			<ymax>791</ymax>
		</bndbox>
	</object>
	<object>
		<name>gondola</name>
		<pose>Unspecified</pose>
		<truncated>0</truncated>
		<difficult>0</difficult>
		<bndbox>
			<xmin>459</xmin>
			<ymin>450</ymin>
			<xmax>518</xmax>
			<ymax>499</ymax>
		</bndbox>
	</object>
	<object>
		<name>gondola</name>
		<pose>Unspecified</pose>
		<truncated>0</truncated>
		<difficult>0</difficult>
		<bndbox>
			<xmin>555</xmin>
			<ymin>407</ymin>
			<xmax>625</xmax>
			<ymax>437</ymax>
		</bndbox>
	</object>
	<object>
		<name>gondola</name>
		<pose>Unspecified</pose>
		<truncated>0</truncated>
		<difficult>0</difficult>
		<bndbox>
			<xmin>773</xmin>
			<ymin>500</ymin>
			<xmax>937</xmax>
			<ymax>550</ymax>
		</bndbox>
	</object>
	<object>
		<name>ferryboat</name>
		<pose>Unspecified</pose>
		<truncated>0</truncated>
		<difficult>0</difficult>
		<bndbox>
			<xmin>277</xmin>
			<ymin>488</ymin>
			<xmax>402</xmax>
			<ymax>644</ymax>
		</bndbox>
	</object>
	<object>
		<name>ferryboat</name>
		<pose>Unspecified</pose>
		<truncated>0</truncated>
		<difficult>0</difficult>
		<bndbox>
			<xmin>932</xmin>
			<ymin>602</ymin>
			<xmax>1139</xmax>
			<ymax>744</ymax>
		</bndbox>
	</object>
</annotation>
