<annotation>
	<folder>gondola</folder>
	<filename>canal-barge-gondola-italy-venice-2672072.jpg</filename>
	<path>C:\Users\51-9302\Desktop\BTRD\BTRD\gondola\canal-barge-gondola-italy-venice-2672072.jpg</path>
	<source>
		<database>Unknown</database>
	</source>
	<size>
		<width>853</width>
		<height>1280</height>
		<depth>3</depth>
	</size>
	<segmented>0</segmented>
	<object>
		<name>gondola</name>
		<pose>Unspecified</pose>
		<truncated>0</truncated>
		<difficult>0</difficult>
		<bndbox>
			<xmin>77</xmin>
			<ymin>595</ymin>
			<xmax>484</xmax>
			<ymax>1171</ymax>
		</bndbox>
	</object>
</annotation>
