<annotation>
	<folder>gondola</folder>
	<filename>canal-venice-italy-architecture-water-bo-839285.jpg</filename>
	<path>C:\Users\51-9302\Desktop\BTRD\BTRD\gondola\canal-venice-italy-architecture-water-bo-839285.jpg</path>
	<source>
		<database>Unknown</database>
	</source>
	<size>
		<width>1280</width>
		<height>960</height>
		<depth>3</depth>
	</size>
	<segmented>0</segmented>
	<object>
		<name>gondola</name>
		<pose>Unspecified</pose>
		<truncated>0</truncated>
		<difficult>0</difficult>
		<bndbox>
			<xmin>794</xmin>
			<ymin>685</ymin>
			<xmax>1030</xmax>
			<ymax>792</ymax>
		</bndbox>
	</object>
	<object>
		<name>gondola</name>
		<pose>Unspecified</pose>
		<truncated>0</truncated>
		<difficult>0</difficult>
		<bndbox>
			<xmin>589</xmin>
			<ymin>606</ymin>
			<xmax>641</xmax>
			<ymax>663</ymax>
		</bndbox>
	</object>
	<object>
		<name>ferryboat</name>
		<pose>Unspecified</pose>
		<truncated>0</truncated>
		<difficult>0</difficult>
		<bndbox>
			<xmin>240</xmin>
			<ymin>725</ymin>
			<xmax>579</xmax>
			<ymax>837</ymax>
		</bndbox>
	</object>
</annotation>
