<annotation>
	<folder>kayak</folder>
	<filename>canoe-water-oar-kayak-boat-3091709.jpg</filename>
	<path>C:\Users\51-9302\Desktop\BTRD\BTRD\kayak\canoe-water-oar-kayak-boat-3091709.jpg</path>
	<source>
		<database>Unknown</database>
	</source>
	<size>
		<width>1280</width>
		<height>825</height>
		<depth>3</depth>
	</size>
	<segmented>0</segmented>
	<object>
		<name>kayak</name>
		<pose>Unspecified</pose>
		<truncated>0</truncated>
		<difficult>0</difficult>
		<bndbox>
			<xmin>675</xmin>
			<ymin>504</ymin>
			<xmax>1021</xmax>
			<ymax>572</ymax>
		</bndbox>
	</object>
	<object>
		<name>kayak</name>
		<pose>Unspecified</pose>
		<truncated>0</truncated>
		<difficult>0</difficult>
		<bndbox>
			<xmin>395</xmin>
			<ymin>472</ymin>
			<xmax>751</xmax>
			<ymax>517</ymax>
		</bndbox>
	</object>
	<object>
		<name>kayak</name>
		<pose>Unspecified</pose>
		<truncated>0</truncated>
		<difficult>0</difficult>
		<bndbox>
			<xmin>133</xmin>
			<ymin>448</ymin>
			<xmax>464</xmax>
			<ymax>491</ymax>
		</bndbox>
	</object>
</annotation>
