<annotation>
	<folder>kayak</folder>
	<filename>canoeing-paddle-channel-2574922.jpg</filename>
	<path>C:\Users\51-9302\Desktop\BTRD\BTRD\kayak\canoeing-paddle-channel-2574922.jpg</path>
	<source>
		<database>Unknown</database>
	</source>
	<size>
		<width>1280</width>
		<height>853</height>
		<depth>3</depth>
	</size>
	<segmented>0</segmented>
	<object>
		<name>kayak</name>
		<pose>Unspecified</pose>
		<truncated>0</truncated>
		<difficult>0</difficult>
		<bndbox>
			<xmin>710</xmin>
			<ymin>634</ymin>
			<xmax>826</xmax>
			<ymax>695</ymax>
		</bndbox>
	</object>
</annotation>
