<annotation>
	<folder>kayak</folder>
	<filename>canoeing-paddle-channel-2574923.jpg</filename>
	<path>C:\Users\51-9302\Desktop\BTRD\BTRD\kayak\canoeing-paddle-channel-2574923.jpg</path>
	<source>
		<database>Unknown</database>
	</source>
	<size>
		<width>1280</width>
		<height>852</height>
		<depth>3</depth>
	</size>
	<segmented>0</segmented>
	<object>
		<name>kayak</name>
		<pose>Unspecified</pose>
		<truncated>0</truncated>
		<difficult>0</difficult>
		<bndbox>
			<xmin>805</xmin>
			<ymin>629</ymin>
			<xmax>994</xmax>
			<ymax>815</ymax>
		</bndbox>
	</object>
</annotation>
