<annotation>
	<folder>kayak</folder>
	<filename>canoe-water-nature-natural-outdoors-envi-49179.jpg</filename>
	<path>C:\Users\51-9302\Desktop\BTRD\BTRD\kayak\canoe-water-nature-natural-outdoors-envi-49179.jpg</path>
	<source>
		<database>Unknown</database>
	</source>
	<size>
		<width>1280</width>
		<height>960</height>
		<depth>3</depth>
	</size>
	<segmented>0</segmented>
	<object>
		<name>kayak</name>
		<pose>Unspecified</pose>
		<truncated>0</truncated>
		<difficult>0</difficult>
		<bndbox>
			<xmin>587</xmin>
			<ymin>413</ymin>
			<xmax>970</xmax>
			<ymax>774</ymax>
		</bndbox>
	</object>
</annotation>
