<annotation>
	<folder>kayak</folder>
	<filename>canoe-kayak-boat-water-paddle-3643113.jpg</filename>
	<path>C:\Users\51-9302\Desktop\BTRD\BTRD\kayak\canoe-kayak-boat-water-paddle-3643113.jpg</path>
	<source>
		<database>Unknown</database>
	</source>
	<size>
		<width>1280</width>
		<height>853</height>
		<depth>3</depth>
	</size>
	<segmented>0</segmented>
	<object>
		<name>kayak</name>
		<pose>Unspecified</pose>
		<truncated>0</truncated>
		<difficult>0</difficult>
		<bndbox>
			<xmin>309</xmin>
			<ymin>539</ymin>
			<xmax>988</xmax>
			<ymax>739</ymax>
		</bndbox>
	</object>
	<object>
		<name>kayak</name>
		<pose>Unspecified</pose>
		<truncated>0</truncated>
		<difficult>0</difficult>
		<bndbox>
			<xmin>614</xmin>
			<ymin>444</ymin>
			<xmax>1156</xmax>
			<ymax>528</ymax>
		</bndbox>
	</object>
	<object>
		<name>kayak</name>
		<pose>Unspecified</pose>
		<truncated>0</truncated>
		<difficult>0</difficult>
		<bndbox>
			<xmin>904</xmin>
			<ymin>412</ymin>
			<xmax>1197</xmax>
			<ymax>462</ymax>
		</bndbox>
	</object>
</annotation>
