<annotation>
	<folder>kayak</folder>
	<filename>canoe-kayak-sport-adventure-2789786.jpg</filename>
	<path>C:\Users\51-9302\Desktop\BTRD\BTRD\kayak\canoe-kayak-sport-adventure-2789786.jpg</path>
	<source>
		<database>Unknown</database>
	</source>
	<size>
		<width>1280</width>
		<height>719</height>
		<depth>3</depth>
	</size>
	<segmented>0</segmented>
	<object>
		<name>kayak</name>
		<pose>Unspecified</pose>
		<truncated>0</truncated>
		<difficult>0</difficult>
		<bndbox>
			<xmin>201</xmin>
			<ymin>401</ymin>
			<xmax>1113</xmax>
			<ymax>606</ymax>
		</bndbox>
	</object>
</annotation>
