<annotation>
	<folder>kayak</folder>
	<filename>canoe-kayak-rowing-kayaking-canoeing-pad-1263169.jpg</filename>
	<path>C:\Users\51-9302\Desktop\BTRD\BTRD\kayak\canoe-kayak-rowing-kayaking-canoeing-pad-1263169.jpg</path>
	<source>
		<database>Unknown</database>
	</source>
	<size>
		<width>1280</width>
		<height>853</height>
		<depth>3</depth>
	</size>
	<segmented>0</segmented>
	<object>
		<name>kayak</name>
		<pose>Unspecified</pose>
		<truncated>0</truncated>
		<difficult>0</difficult>
		<bndbox>
			<xmin>448</xmin>
			<ymin>314</ymin>
			<xmax>534</xmax>
			<ymax>599</ymax>
		</bndbox>
	</object>
</annotation>
