<annotation>
	<folder>kayak</folder>
	<filename>canoe-boat-paddling-water-summer-lake-sp-480465.jpg</filename>
	<path>C:\Users\51-9302\Desktop\BTRD\BTRD\kayak\canoe-boat-paddling-water-summer-lake-sp-480465.jpg</path>
	<source>
		<database>Unknown</database>
	</source>
	<size>
		<width>1280</width>
		<height>851</height>
		<depth>3</depth>
	</size>
	<segmented>0</segmented>
	<object>
		<name>kayak</name>
		<pose>Unspecified</pose>
		<truncated>0</truncated>
		<difficult>0</difficult>
		<bndbox>
			<xmin>170</xmin>
			<ymin>223</ymin>
			<xmax>848</xmax>
			<ymax>346</ymax>
		</bndbox>
	</object>
</annotation>
