<annotation>
	<folder>kayak</folder>
	<filename>canoe-kayak-boat-water-paddle-3643120.jpg</filename>
	<path>C:\Users\51-9302\Desktop\BTRD\BTRD\kayak\canoe-kayak-boat-water-paddle-3643120.jpg</path>
	<source>
		<database>Unknown</database>
	</source>
	<size>
		<width>1280</width>
		<height>853</height>
		<depth>3</depth>
	</size>
	<segmented>0</segmented>
	<object>
		<name>kayak</name>
		<pose>Unspecified</pose>
		<truncated>0</truncated>
		<difficult>0</difficult>
		<bndbox>
			<xmin>845</xmin>
			<ymin>482</ymin>
			<xmax>1028</xmax>
			<ymax>683</ymax>
		</bndbox>
	</object>
</annotation>
