<annotation>
	<folder>kayak</folder>
	<filename>canoe-kayak-dam-obstacle-canoe-canoe-kay-1763394.jpg</filename>
	<path>C:\Users\51-9302\Desktop\BTRD\BTRD\kayak\canoe-kayak-dam-obstacle-canoe-canoe-kay-1763394.jpg</path>
	<source>
		<database>Unknown</database>
	</source>
	<size>
		<width>1280</width>
		<height>851</height>
		<depth>3</depth>
	</size>
	<segmented>0</segmented>
	<object>
		<name>kayak</name>
		<pose>Unspecified</pose>
		<truncated>0</truncated>
		<difficult>0</difficult>
		<bndbox>
			<xmin>351</xmin>
			<ymin>491</ymin>
			<xmax>1020</xmax>
			<ymax>608</ymax>
		</bndbox>
	</object>
</annotation>
