<annotation>
	<folder>kayak</folder>
	<filename>canoe-kayak-athlete-activity-2895795.jpg</filename>
	<path>C:\Users\51-9302\Desktop\BTRD\BTRD\kayak\canoe-kayak-athlete-activity-2895795.jpg</path>
	<source>
		<database>Unknown</database>
	</source>
	<size>
		<width>1280</width>
		<height>719</height>
		<depth>3</depth>
	</size>
	<segmented>0</segmented>
	<object>
		<name>kayak</name>
		<pose>Unspecified</pose>
		<truncated>0</truncated>
		<difficult>0</difficult>
		<bndbox>
			<xmin>389</xmin>
			<ymin>333</ymin>
			<xmax>1185</xmax>
			<ymax>476</ymax>
		</bndbox>
	</object>
</annotation>
