<annotation>
	<folder>kayak</folder>
	<filename>canoe-sign-symbol-icon-boat-water-activi-309430.jpg</filename>
	<path>C:\Users\51-9302\Desktop\BTRD\BTRD\kayak\canoe-sign-symbol-icon-boat-water-activi-309430.jpg</path>
	<source>
		<database>Unknown</database>
	</source>
	<size>
		<width>1280</width>
		<height>978</height>
		<depth>1</depth>
	</size>
	<segmented>0</segmented>
	<object>
		<name>gondola</name>
		<pose>Unspecified</pose>
		<truncated>0</truncated>
		<difficult>0</difficult>
		<bndbox>
			<xmin>5</xmin>
			<ymin>427</ymin>
			<xmax>1198</xmax>
			<ymax>728</ymax>
		</bndbox>
	</object>
</annotation>
