<annotation>
	<folder>kayak</folder>
	<filename>canoe-explore-travel-water-3595673.jpg</filename>
	<path>C:\Users\51-9302\Desktop\BTRD\BTRD\kayak\canoe-explore-travel-water-3595673.jpg</path>
	<source>
		<database>Unknown</database>
	</source>
	<size>
		<width>1280</width>
		<height>865</height>
		<depth>3</depth>
	</size>
	<segmented>0</segmented>
	<object>
		<name>kayak</name>
		<pose>Unspecified</pose>
		<truncated>0</truncated>
		<difficult>0</difficult>
		<bndbox>
			<xmin>206</xmin>
			<ymin>386</ymin>
			<xmax>657</xmax>
			<ymax>588</ymax>
		</bndbox>
	</object>
</annotation>
