<annotation>
	<folder>kayak</folder>
	<filename>canoe-kayak-paddle-lake-water-2618417.jpg</filename>
	<path>C:\Users\51-9302\Desktop\BTRD\BTRD\kayak\canoe-kayak-paddle-lake-water-2618417.jpg</path>
	<source>
		<database>Unknown</database>
	</source>
	<size>
		<width>1280</width>
		<height>853</height>
		<depth>3</depth>
	</size>
	<segmented>0</segmented>
	<object>
		<name>kayak</name>
		<pose>Unspecified</pose>
		<truncated>0</truncated>
		<difficult>0</difficult>
		<bndbox>
			<xmin>624</xmin>
			<ymin>412</ymin>
			<xmax>679</xmax>
			<ymax>461</ymax>
		</bndbox>
	</object>
</annotation>
