<annotation>
	<folder>kayak</folder>
	<filename>canoe-oar-water-river-gard-france-3638441.jpg</filename>
	<path>C:\Users\51-9302\Desktop\BTRD\BTRD\kayak\canoe-oar-water-river-gard-france-3638441.jpg</path>
	<source>
		<database>Unknown</database>
	</source>
	<size>
		<width>1280</width>
		<height>853</height>
		<depth>3</depth>
	</size>
	<segmented>0</segmented>
	<object>
		<name>kayak</name>
		<pose>Unspecified</pose>
		<truncated>0</truncated>
		<difficult>0</difficult>
		<bndbox>
			<xmin>417</xmin>
			<ymin>356</ymin>
			<xmax>742</xmax>
			<ymax>761</ymax>
		</bndbox>
	</object>
</annotation>
