<annotation>
	<folder>kayak</folder>
	<filename>canoe-kayak-sport-water-sport-1405961.jpg</filename>
	<path>C:\Users\51-9302\Desktop\BTRD\BTRD\kayak\canoe-kayak-sport-water-sport-1405961.jpg</path>
	<source>
		<database>Unknown</database>
	</source>
	<size>
		<width>1280</width>
		<height>720</height>
		<depth>3</depth>
	</size>
	<segmented>0</segmented>
	<object>
		<name>kayak</name>
		<pose>Unspecified</pose>
		<truncated>0</truncated>
		<difficult>0</difficult>
		<bndbox>
			<xmin>44</xmin>
			<ymin>335</ymin>
			<xmax>1243</xmax>
			<ymax>437</ymax>
		</bndbox>
	</object>
</annotation>
