<annotation>
	<folder>kayak</folder>
	<filename>canoe-water-boat-sport-paddle-49175.jpg</filename>
	<path>C:\Users\51-9302\Desktop\BTRD\BTRD\kayak\canoe-water-boat-sport-paddle-49175.jpg</path>
	<source>
		<database>Unknown</database>
	</source>
	<size>
		<width>1280</width>
		<height>960</height>
		<depth>3</depth>
	</size>
	<segmented>0</segmented>
	<object>
		<name>kayak</name>
		<pose>Unspecified</pose>
		<truncated>1</truncated>
		<difficult>0</difficult>
		<bndbox>
			<xmin>293</xmin>
			<ymin>235</ymin>
			<xmax>1280</xmax>
			<ymax>707</ymax>
		</bndbox>
	</object>
</annotation>
