<annotation>
	<folder>kayak</folder>
	<filename>canoeing-kayak-ljubljana-slovenia-river--2149703.jpg</filename>
	<path>C:\Users\51-9302\Desktop\BTRD\BTRD\kayak\canoeing-kayak-ljubljana-slovenia-river--2149703.jpg</path>
	<source>
		<database>Unknown</database>
	</source>
	<size>
		<width>1280</width>
		<height>720</height>
		<depth>3</depth>
	</size>
	<segmented>0</segmented>
	<object>
		<name>kayak</name>
		<pose>Unspecified</pose>
		<truncated>0</truncated>
		<difficult>0</difficult>
		<bndbox>
			<xmin>854</xmin>
			<ymin>458</ymin>
			<xmax>923</xmax>
			<ymax>511</ymax>
		</bndbox>
	</object>
</annotation>
