<annotation>
	<folder>kayak</folder>
	<filename>canoe-kayak-water-sport-water-water-spor-2246464.jpg</filename>
	<path>C:\Users\51-9302\Desktop\BTRD\BTRD\kayak\canoe-kayak-water-sport-water-water-spor-2246464.jpg</path>
	<source>
		<database>Unknown</database>
	</source>
	<size>
		<width>1280</width>
		<height>814</height>
		<depth>3</depth>
	</size>
	<segmented>0</segmented>
	<object>
		<name>kayak</name>
		<pose>Unspecified</pose>
		<truncated>0</truncated>
		<difficult>0</difficult>
		<bndbox>
			<xmin>253</xmin>
			<ymin>426</ymin>
			<xmax>917</xmax>
			<ymax>549</ymax>
		</bndbox>
	</object>
</annotation>
