<annotation>
	<folder>kayak</folder>
	<filename>canoe-kayak-sport-kayaking-canoeing-2384643.jpg</filename>
	<path>C:\Users\51-9302\Desktop\BTRD\BTRD\kayak\canoe-kayak-sport-kayaking-canoeing-2384643.jpg</path>
	<source>
		<database>Unknown</database>
	</source>
	<size>
		<width>1280</width>
		<height>720</height>
		<depth>3</depth>
	</size>
	<segmented>0</segmented>
	<object>
		<name>kayak</name>
		<pose>Unspecified</pose>
		<truncated>0</truncated>
		<difficult>0</difficult>
		<bndbox>
			<xmin>257</xmin>
			<ymin>300</ymin>
			<xmax>1027</xmax>
			<ymax>363</ymax>
		</bndbox>
	</object>
	<object>
		<name>kayak</name>
		<pose>Unspecified</pose>
		<truncated>0</truncated>
		<difficult>0</difficult>
		<bndbox>
			<xmin>145</xmin>
			<ymin>430</ymin>
			<xmax>1199</xmax>
			<ymax>520</ymax>
		</bndbox>
	</object>
</annotation>
