<annotation>
	<folder>kayak</folder>
	<filename>canoe-kayak-sport-kayaking-canoeing-2385203.jpg</filename>
	<path>C:\Users\51-9302\Desktop\BTRD\BTRD\kayak\canoe-kayak-sport-kayaking-canoeing-2385203.jpg</path>
	<source>
		<database>Unknown</database>
	</source>
	<size>
		<width>1280</width>
		<height>720</height>
		<depth>3</depth>
	</size>
	<segmented>0</segmented>
	<object>
		<name>kayak</name>
		<pose>Unspecified</pose>
		<truncated>0</truncated>
		<difficult>0</difficult>
		<bndbox>
			<xmin>411</xmin>
			<ymin>252</ymin>
			<xmax>812</xmax>
			<ymax>357</ymax>
		</bndbox>
	</object>
	<object>
		<name>kayak</name>
		<pose>Unspecified</pose>
		<truncated>0</truncated>
		<difficult>0</difficult>
		<bndbox>
			<xmin>393</xmin>
			<ymin>392</ymin>
			<xmax>903</xmax>
			<ymax>521</ymax>
		</bndbox>
	</object>
</annotation>
