<annotation>
	<folder>kayak</folder>
	<filename>canoe-kayak-boat-water-paddle-3643088.jpg</filename>
	<path>C:\Users\51-9302\Desktop\BTRD\BTRD\kayak\canoe-kayak-boat-water-paddle-3643088.jpg</path>
	<source>
		<database>Unknown</database>
	</source>
	<size>
		<width>1280</width>
		<height>853</height>
		<depth>3</depth>
	</size>
	<segmented>0</segmented>
	<object>
		<name>kayak</name>
		<pose>Unspecified</pose>
		<truncated>0</truncated>
		<difficult>0</difficult>
		<bndbox>
			<xmin>563</xmin>
			<ymin>488</ymin>
			<xmax>736</xmax>
			<ymax>652</ymax>
		</bndbox>
	</object>
</annotation>
