<annotation>
	<folder>kayak</folder>
	<filename>canoeing-sea-beach-vacations-kayak-2412031.jpg</filename>
	<path>C:\Users\51-9302\Desktop\BTRD\BTRD\kayak\canoeing-sea-beach-vacations-kayak-2412031.jpg</path>
	<source>
		<database>Unknown</database>
	</source>
	<size>
		<width>1280</width>
		<height>960</height>
		<depth>3</depth>
	</size>
	<segmented>0</segmented>
	<object>
		<name>kayak</name>
		<pose>Unspecified</pose>
		<truncated>0</truncated>
		<difficult>0</difficult>
		<bndbox>
			<xmin>346</xmin>
			<ymin>220</ymin>
			<xmax>1089</xmax>
			<ymax>808</ymax>
		</bndbox>
	</object>
	<object>
		<name>kayak</name>
		<pose>Unspecified</pose>
		<truncated>1</truncated>
		<difficult>0</difficult>
		<bndbox>
			<xmin>565</xmin>
			<ymin>101</ymin>
			<xmax>1280</xmax>
			<ymax>522</ymax>
		</bndbox>
	</object>
</annotation>
