<annotation>
	<folder>kayak</folder>
	<filename>canoe-kayak-athlete-effort-activity-2895791.jpg</filename>
	<path>C:\Users\51-9302\Desktop\BTRD\BTRD\kayak\canoe-kayak-athlete-effort-activity-2895791.jpg</path>
	<source>
		<database>Unknown</database>
	</source>
	<size>
		<width>1280</width>
		<height>720</height>
		<depth>3</depth>
	</size>
	<segmented>0</segmented>
	<object>
		<name>kayak</name>
		<pose>Unspecified</pose>
		<truncated>0</truncated>
		<difficult>0</difficult>
		<bndbox>
			<xmin>10</xmin>
			<ymin>357</ymin>
			<xmax>1188</xmax>
			<ymax>491</ymax>
		</bndbox>
	</object>
</annotation>
