<annotation>
	<folder>kayak</folder>
	<filename>canoeing-water-kayak-paddle-water-sports-1884182.jpg</filename>
	<path>C:\Users\51-9302\Desktop\BTRD\BTRD\kayak\canoeing-water-kayak-paddle-water-sports-1884182.jpg</path>
	<source>
		<database>Unknown</database>
	</source>
	<size>
		<width>1280</width>
		<height>1280</height>
		<depth>3</depth>
	</size>
	<segmented>0</segmented>
	<object>
		<name>kayak</name>
		<pose>Unspecified</pose>
		<truncated>0</truncated>
		<difficult>0</difficult>
		<bndbox>
			<xmin>122</xmin>
			<ymin>603</ymin>
			<xmax>718</xmax>
			<ymax>1075</ymax>
		</bndbox>
	</object>
</annotation>
