<annotation>
	<folder>kayak</folder>
	<filename>canoe-water-boat-sport-kayak-river-canoe-49174.jpg</filename>
	<path>C:\Users\51-9302\Desktop\BTRD\BTRD\kayak\canoe-water-boat-sport-kayak-river-canoe-49174.jpg</path>
	<source>
		<database>Unknown</database>
	</source>
	<size>
		<width>1280</width>
		<height>960</height>
		<depth>3</depth>
	</size>
	<segmented>0</segmented>
	<object>
		<name>kayak</name>
		<pose>Unspecified</pose>
		<truncated>0</truncated>
		<difficult>0</difficult>
		<bndbox>
			<xmin>151</xmin>
			<ymin>42</ymin>
			<xmax>1215</xmax>
			<ymax>543</ymax>
		</bndbox>
	</object>
</annotation>
