<annotation>
	<folder>kayak</folder>
	<filename>canoe-nature-water-summer-boat-49191.jpg</filename>
	<path>C:\Users\51-9302\Desktop\BTRD\BTRD\kayak\canoe-nature-water-summer-boat-49191.jpg</path>
	<source>
		<database>Unknown</database>
	</source>
	<size>
		<width>1280</width>
		<height>960</height>
		<depth>3</depth>
	</size>
	<segmented>0</segmented>
	<object>
		<name>kayak</name>
		<pose>Unspecified</pose>
		<truncated>0</truncated>
		<difficult>0</difficult>
		<bndbox>
			<xmin>32</xmin>
			<ymin>60</ymin>
			<xmax>1161</xmax>
			<ymax>554</ymax>
		</bndbox>
	</object>
</annotation>
