<annotation>
	<folder>kayak</folder>
	<filename>canoe-lake-forest-nature-water-canoeing--918969.jpg</filename>
	<path>C:\Users\51-9302\Desktop\BTRD\BTRD\kayak\canoe-lake-forest-nature-water-canoeing--918969.jpg</path>
	<source>
		<database>Unknown</database>
	</source>
	<size>
		<width>1280</width>
		<height>961</height>
		<depth>3</depth>
	</size>
	<segmented>0</segmented>
	<object>
		<name>kayak</name>
		<pose>Unspecified</pose>
		<truncated>1</truncated>
		<difficult>0</difficult>
		<bndbox>
			<xmin>767</xmin>
			<ymin>485</ymin>
			<xmax>1280</xmax>
			<ymax>874</ymax>
		</bndbox>
	</object>
</annotation>
