<annotation>
	<folder>kayak</folder>
	<filename>canoe-lake-adventure-kayak-canoeing-outd-2179196.jpg</filename>
	<path>C:\Users\51-9302\Desktop\BTRD\BTRD\kayak\canoe-lake-adventure-kayak-canoeing-outd-2179196.jpg</path>
	<source>
		<database>Unknown</database>
	</source>
	<size>
		<width>1280</width>
		<height>854</height>
		<depth>3</depth>
	</size>
	<segmented>0</segmented>
	<object>
		<name>kayak</name>
		<pose>Unspecified</pose>
		<truncated>0</truncated>
		<difficult>0</difficult>
		<bndbox>
			<xmin>592</xmin>
			<ymin>429</ymin>
			<xmax>683</xmax>
			<ymax>494</ymax>
		</bndbox>
	</object>
</annotation>
