<annotation>
	<folder>kayak</folder>
	<filename>canoeing-sport-water-sea-paddle-3600550.jpg</filename>
	<path>C:\Users\51-9302\Desktop\BTRD\BTRD\kayak\canoeing-sport-water-sea-paddle-3600550.jpg</path>
	<source>
		<database>Unknown</database>
	</source>
	<size>
		<width>1280</width>
		<height>853</height>
		<depth>3</depth>
	</size>
	<segmented>0</segmented>
	<object>
		<name>kayak</name>
		<pose>Unspecified</pose>
		<truncated>0</truncated>
		<difficult>0</difficult>
		<bndbox>
			<xmin>554</xmin>
			<ymin>409</ymin>
			<xmax>882</xmax>
			<ymax>481</ymax>
		</bndbox>
	</object>
</annotation>
