<annotation>
	<folder>paper boat</folder>
	<filename>career-paper-origami-leader-marina-marin-1738216.jpg</filename>
	<path>C:\Users\51-9302\Desktop\BTRD\BTRD\paper boat\career-paper-origami-leader-marina-marin-1738216.jpg</path>
	<source>
		<database>Unknown</database>
	</source>
	<size>
		<width>1280</width>
		<height>851</height>
		<depth>3</depth>
	</size>
	<segmented>0</segmented>
	<object>
		<name>paperboat</name>
		<pose>Unspecified</pose>
		<truncated>0</truncated>
		<difficult>0</difficult>
		<bndbox>
			<xmin>124</xmin>
			<ymin>449</ymin>
			<xmax>627</xmax>
			<ymax>662</ymax>
		</bndbox>
	</object>
	<object>
		<name>paperboat</name>
		<pose>Unspecified</pose>
		<truncated>0</truncated>
		<difficult>0</difficult>
		<bndbox>
			<xmin>693</xmin>
			<ymin>305</ymin>
			<xmax>988</xmax>
			<ymax>468</ymax>
		</bndbox>
	</object>
	<object>
		<name>paperboat</name>
		<pose>Unspecified</pose>
		<truncated>0</truncated>
		<difficult>0</difficult>
		<bndbox>
			<xmin>840</xmin>
			<ymin>230</ymin>
			<xmax>1078</xmax>
			<ymax>348</ymax>
		</bndbox>
	</object>
	<object>
		<name>paperboat</name>
		<pose>Unspecified</pose>
		<truncated>0</truncated>
		<difficult>0</difficult>
		<bndbox>
			<xmin>1087</xmin>
			<ymin>273</ymin>
			<xmax>1277</xmax>
			<ymax>426</ymax>
		</bndbox>
	</object>
	<object>
		<name>paperboat</name>
		<pose>Unspecified</pose>
		<truncated>0</truncated>
		<difficult>0</difficult>
		<bndbox>
			<xmin>770</xmin>
			<ymin>383</ymin>
			<xmax>1155</xmax>
			<ymax>581</ymax>
		</bndbox>
	</object>
</annotation>
