<annotation>
	<folder>freight boat</folder>
	<filename>cargo-ship-ocean-sea-inland-anchor-trans-1101389.jpg</filename>
	<path>C:\Users\51-9302\Desktop\BTRD\BTRD\freight boat\cargo-ship-ocean-sea-inland-anchor-trans-1101389.jpg</path>
	<source>
		<database>Unknown</database>
	</source>
	<size>
		<width>1280</width>
		<height>853</height>
		<depth>3</depth>
	</size>
	<segmented>0</segmented>
	<object>
		<name>freightboat</name>
		<pose>Unspecified</pose>
		<truncated>0</truncated>
		<difficult>0</difficult>
		<bndbox>
			<xmin>113</xmin>
			<ymin>181</ymin>
			<xmax>903</xmax>
			<ymax>607</ymax>
		</bndbox>
	</object>
	<object>
		<name>ferryboat</name>
		<pose>Unspecified</pose>
		<truncated>0</truncated>
		<difficult>0</difficult>
		<bndbox>
			<xmin>815</xmin>
			<ymin>337</ymin>
			<xmax>1254</xmax>
			<ymax>626</ymax>
		</bndbox>
	</object>
</annotation>
