<annotation>
	<folder>freight boat</folder>
	<filename>cargo-ship-freighter-ship-moored-savanna-1646752.jpg</filename>
	<path>C:\Users\51-9302\Desktop\BTRD\BTRD\freight boat\cargo-ship-freighter-ship-moored-savanna-1646752.jpg</path>
	<source>
		<database>Unknown</database>
	</source>
	<size>
		<width>1280</width>
		<height>831</height>
		<depth>3</depth>
	</size>
	<segmented>0</segmented>
	<object>
		<name>freightboat</name>
		<pose>Unspecified</pose>
		<truncated>0</truncated>
		<difficult>0</difficult>
		<bndbox>
			<xmin>33</xmin>
			<ymin>76</ymin>
			<xmax>1166</xmax>
			<ymax>812</ymax>
		</bndbox>
	</object>
</annotation>
