<annotation>
	<folder>cruise ship</folder>
	<filename>caribbean-sea-travel-vacations-2712422.jpg</filename>
	<path>C:\Users\51-9302\Desktop\BTRD\BTRD\cruise ship\caribbean-sea-travel-vacations-2712422.jpg</path>
	<source>
		<database>Unknown</database>
	</source>
	<size>
		<width>1280</width>
		<height>719</height>
		<depth>3</depth>
	</size>
	<segmented>0</segmented>
	<object>
		<name>cruiseship</name>
		<pose>Unspecified</pose>
		<truncated>0</truncated>
		<difficult>0</difficult>
		<bndbox>
			<xmin>409</xmin>
			<ymin>245</ymin>
			<xmax>777</xmax>
			<ymax>383</ymax>
		</bndbox>
	</object>
</annotation>
