<annotation>
	<folder>sailboat</folder>
	<filename>caribbean-sunset-sailboat-palmtree-ocean-1504584.jpg</filename>
	<path>C:\Users\51-9302\Desktop\BTRD\BTRD\sailboat\caribbean-sunset-sailboat-palmtree-ocean-1504584.jpg</path>
	<source>
		<database>Unknown</database>
	</source>
	<size>
		<width>1280</width>
		<height>849</height>
		<depth>3</depth>
	</size>
	<segmented>0</segmented>
	<object>
		<name>sailboat</name>
		<pose>Unspecified</pose>
		<truncated>0</truncated>
		<difficult>0</difficult>
		<bndbox>
			<xmin>155</xmin>
			<ymin>328</ymin>
			<xmax>343</xmax>
			<ymax>568</ymax>
		</bndbox>
	</object>
</annotation>
