<annotation>
	<folder>sailboat</folder>
	<filename>caribbean-sunset-soap-bubble-ball-851218.jpg</filename>
	<path>C:\Users\51-9302\Desktop\BTRD\BTRD\sailboat\caribbean-sunset-soap-bubble-ball-851218.jpg</path>
	<source>
		<database>Unknown</database>
	</source>
	<size>
		<width>1280</width>
		<height>854</height>
		<depth>3</depth>
	</size>
	<segmented>0</segmented>
	<object>
		<name>sailboat</name>
		<pose>Unspecified</pose>
		<truncated>0</truncated>
		<difficult>0</difficult>
		<bndbox>
			<xmin>265</xmin>
			<ymin>183</ymin>
			<xmax>787</xmax>
			<ymax>702</ymax>
		</bndbox>
	</object>
</annotation>
