<annotation>
	<folder>cruise ship</folder>
	<filename>caribbean-sea-travel-vacations-2712423.jpg</filename>
	<path>C:\Users\51-9302\Desktop\BTRD\BTRD\cruise ship\caribbean-sea-travel-vacations-2712423.jpg</path>
	<source>
		<database>Unknown</database>
	</source>
	<size>
		<width>1280</width>
		<height>720</height>
		<depth>3</depth>
	</size>
	<segmented>0</segmented>
	<object>
		<name>cruiseship</name>
		<pose>Unspecified</pose>
		<truncated>0</truncated>
		<difficult>0</difficult>
		<bndbox>
			<xmin>99</xmin>
			<ymin>59</ymin>
			<xmax>1087</xmax>
			<ymax>417</ymax>
		</bndbox>
	</object>
</annotation>
