<annotation>
	<folder>sailboat</folder>
	<filename>catamaran-boat-vessel-sea-travel-2288349.jpg</filename>
	<path>C:\Users\51-9302\Desktop\BTRD\BTRD\sailboat\catamaran-boat-vessel-sea-travel-2288349.jpg</path>
	<source>
		<database>Unknown</database>
	</source>
	<size>
		<width>1280</width>
		<height>719</height>
		<depth>3</depth>
	</size>
	<segmented>0</segmented>
	<object>
		<name>sailboat</name>
		<pose>Unspecified</pose>
		<truncated>0</truncated>
		<difficult>0</difficult>
		<bndbox>
			<xmin>301</xmin>
			<ymin>225</ymin>
			<xmax>534</xmax>
			<ymax>482</ymax>
		</bndbox>
	</object>
</annotation>
