<annotation>
	<folder>sailboat</folder>
	<filename>catamaran-sailing-sailboat-boat-199153.jpg</filename>
	<path>C:\Users\51-9302\Desktop\BTRD\BTRD\sailboat\catamaran-sailing-sailboat-boat-199153.jpg</path>
	<source>
		<database>Unknown</database>
	</source>
	<size>
		<width>1280</width>
		<height>1024</height>
		<depth>3</depth>
	</size>
	<segmented>0</segmented>
	<object>
		<name>sailboat</name>
		<pose>Unspecified</pose>
		<truncated>0</truncated>
		<difficult>0</difficult>
		<bndbox>
			<xmin>533</xmin>
			<ymin>293</ymin>
			<xmax>703</xmax>
			<ymax>727</ymax>
		</bndbox>
	</object>
</annotation>
