<annotation>
	<folder>sailboat</folder>
	<filename>cave-grotto-vacations-sardinia-memory-me-2077979.jpg</filename>
	<path>C:\Users\51-9302\Desktop\BTRD\BTRD\sailboat\cave-grotto-vacations-sardinia-memory-me-2077979.jpg</path>
	<source>
		<database>Unknown</database>
	</source>
	<size>
		<width>1280</width>
		<height>805</height>
		<depth>3</depth>
	</size>
	<segmented>0</segmented>
	<object>
		<name>sailboat</name>
		<pose>Unspecified</pose>
		<truncated>0</truncated>
		<difficult>0</difficult>
		<bndbox>
			<xmin>770</xmin>
			<ymin>375</ymin>
			<xmax>859</xmax>
			<ymax>501</ymax>
		</bndbox>
	</object>
</annotation>
