<annotation>
	<folder>gondola</folder>
	<filename>channel-houses-italy-venice-787234.jpg</filename>
	<path>C:\Users\51-9302\Desktop\BTRD\BTRD\gondola\channel-houses-italy-venice-787234.jpg</path>
	<source>
		<database>Unknown</database>
	</source>
	<size>
		<width>1280</width>
		<height>872</height>
		<depth>3</depth>
	</size>
	<segmented>0</segmented>
	<object>
		<name>gondola</name>
		<pose>Unspecified</pose>
		<truncated>1</truncated>
		<difficult>0</difficult>
		<bndbox>
			<xmin>1</xmin>
			<ymin>605</ymin>
			<xmax>261</xmax>
			<ymax>760</ymax>
		</bndbox>
	</object>
</annotation>
