<annotation>
	<folder>gondola</folder>
	<filename>channel-gondola-venice-italy-water-3542800.jpg</filename>
	<path>C:\Users\51-9302\Desktop\BTRD\BTRD\gondola\channel-gondola-venice-italy-water-3542800.jpg</path>
	<source>
		<database>Unknown</database>
	</source>
	<size>
		<width>1280</width>
		<height>854</height>
		<depth>3</depth>
	</size>
	<segmented>0</segmented>
	<object>
		<name>gondola</name>
		<pose>Unspecified</pose>
		<truncated>0</truncated>
		<difficult>0</difficult>
		<bndbox>
			<xmin>741</xmin>
			<ymin>254</ymin>
			<xmax>989</xmax>
			<ymax>660</ymax>
		</bndbox>
	</object>
</annotation>
