<annotation>
	<folder>gondola</folder>
	<filename>channel-gondola-venice-italy-water-2756416.jpg</filename>
	<path>C:\Users\51-9302\Desktop\BTRD\BTRD\gondola\channel-gondola-venice-italy-water-2756416.jpg</path>
	<source>
		<database>Unknown</database>
	</source>
	<size>
		<width>853</width>
		<height>1280</height>
		<depth>3</depth>
	</size>
	<segmented>0</segmented>
	<object>
		<name>gondola</name>
		<pose>Unspecified</pose>
		<truncated>0</truncated>
		<difficult>0</difficult>
		<bndbox>
			<xmin>460</xmin>
			<ymin>631</ymin>
			<xmax>628</xmax>
			<ymax>826</ymax>
		</bndbox>
	</object>
</annotation>
