<annotation>
	<folder>gondola</folder>
	<filename>channel-venice-gondolas-italy-3547224.jpg</filename>
	<path>C:\Users\51-9302\Desktop\BTRD\BTRD\gondola\channel-venice-gondolas-italy-3547224.jpg</path>
	<source>
		<database>Unknown</database>
	</source>
	<size>
		<width>1280</width>
		<height>854</height>
		<depth>3</depth>
	</size>
	<segmented>0</segmented>
	<object>
		<name>gondola</name>
		<pose>Unspecified</pose>
		<truncated>0</truncated>
		<difficult>0</difficult>
		<bndbox>
			<xmin>470</xmin>
			<ymin>560</ymin>
			<xmax>884</xmax>
			<ymax>647</ymax>
		</bndbox>
	</object>
	<object>
		<name>gondola</name>
		<pose>Unspecified</pose>
		<truncated>0</truncated>
		<difficult>0</difficult>
		<bndbox>
			<xmin>646</xmin>
			<ymin>594</ymin>
			<xmax>1130</xmax>
			<ymax>722</ymax>
		</bndbox>
	</object>
</annotation>
