<annotation>
	<folder>gondola</folder>
	<filename>channel-facade-water-building-city-3542819.jpg</filename>
	<path>C:\Users\51-9302\Desktop\BTRD\BTRD\gondola\channel-facade-water-building-city-3542819.jpg</path>
	<source>
		<database>Unknown</database>
	</source>
	<size>
		<width>1280</width>
		<height>854</height>
		<depth>3</depth>
	</size>
	<segmented>0</segmented>
	<object>
		<name>gondola</name>
		<pose>Unspecified</pose>
		<truncated>0</truncated>
		<difficult>0</difficult>
		<bndbox>
			<xmin>452</xmin>
			<ymin>552</ymin>
			<xmax>1119</xmax>
			<ymax>713</ymax>
		</bndbox>
	</object>
</annotation>
