<annotation>
	<folder>gondola</folder>
	<filename>channel-venice-gondola-italy-water-656235.jpg</filename>
	<path>C:\Users\51-9302\Desktop\BTRD\BTRD\gondola\channel-venice-gondola-italy-water-656235.jpg</path>
	<source>
		<database>Unknown</database>
	</source>
	<size>
		<width>906</width>
		<height>1280</height>
		<depth>3</depth>
	</size>
	<segmented>0</segmented>
	<object>
		<name>gondola</name>
		<pose>Unspecified</pose>
		<truncated>0</truncated>
		<difficult>0</difficult>
		<bndbox>
			<xmin>11</xmin>
			<ymin>774</ymin>
			<xmax>384</xmax>
			<ymax>981</ymax>
		</bndbox>
	</object>
	<object>
		<name>gondola</name>
		<pose>Unspecified</pose>
		<truncated>0</truncated>
		<difficult>0</difficult>
		<bndbox>
			<xmin>728</xmin>
			<ymin>741</ymin>
			<xmax>863</xmax>
			<ymax>937</ymax>
		</bndbox>
	</object>
</annotation>
