<annotation>
	<folder>gondola</folder>
	<filename>channel-gondola-venetian-waters-3263252.jpg</filename>
	<path>C:\Users\51-9302\Desktop\BTRD\BTRD\gondola\channel-gondola-venetian-waters-3263252.jpg</path>
	<source>
		<database>Unknown</database>
	</source>
	<size>
		<width>1280</width>
		<height>959</height>
		<depth>3</depth>
	</size>
	<segmented>0</segmented>
	<object>
		<name>ferryboat</name>
		<pose>Unspecified</pose>
		<truncated>0</truncated>
		<difficult>0</difficult>
		<bndbox>
			<xmin>121</xmin>
			<ymin>279</ymin>
			<xmax>244</xmax>
			<ymax>359</ymax>
		</bndbox>
	</object>
</annotation>
