<annotation>
	<folder>paper boat</folder>
	<filename>childhood-paper-boat-simple-paper-3559166.jpg</filename>
	<path>C:\Users\51-9302\Desktop\BTRD\BTRD\paper boat\childhood-paper-boat-simple-paper-3559166.jpg</path>
	<source>
		<database>Unknown</database>
	</source>
	<size>
		<width>1280</width>
		<height>911</height>
		<depth>3</depth>
	</size>
	<segmented>0</segmented>
	<object>
		<name>paperboat</name>
		<pose>Unspecified</pose>
		<truncated>0</truncated>
		<difficult>0</difficult>
		<bndbox>
			<xmin>550</xmin>
			<ymin>205</ymin>
			<xmax>1041</xmax>
			<ymax>537</ymax>
		</bndbox>
	</object>
</annotation>
