<annotation>
	<folder>sailboat</folder>
	<filename>clearwater-villa-ocean-view-barbados-sai-1549553.jpg</filename>
	<path>C:\Users\51-9302\Desktop\BTRD\BTRD\sailboat\clearwater-villa-ocean-view-barbados-sai-1549553.jpg</path>
	<source>
		<database>Unknown</database>
	</source>
	<size>
		<width>1280</width>
		<height>853</height>
		<depth>3</depth>
	</size>
	<segmented>0</segmented>
	<object>
		<name>sailboat</name>
		<pose>Unspecified</pose>
		<truncated>0</truncated>
		<difficult>0</difficult>
		<bndbox>
			<xmin>557</xmin>
			<ymin>221</ymin>
			<xmax>731</xmax>
			<ymax>455</ymax>
		</bndbox>
	</object>
</annotation>
