<annotation>
	<folder>sailboat</folder>
	<filename>clipper-ship-tall-masts-sailing-812699.jpg</filename>
	<path>C:\Users\51-9302\Desktop\BTRD\BTRD\sailboat\clipper-ship-tall-masts-sailing-812699.jpg</path>
	<source>
		<database>Unknown</database>
	</source>
	<size>
		<width>856</width>
		<height>1280</height>
		<depth>3</depth>
	</size>
	<segmented>0</segmented>
	<object>
		<name>sailboat</name>
		<pose>Unspecified</pose>
		<truncated>0</truncated>
		<difficult>0</difficult>
		<bndbox>
			<xmin>127</xmin>
			<ymin>65</ymin>
			<xmax>824</xmax>
			<ymax>1039</ymax>
		</bndbox>
	</object>
</annotation>
