<annotation>
	<folder>sailboat</folder>
	<filename>clipper-ship-sea-boat-ocean-sky-989030.jpg</filename>
	<path>C:\Users\51-9302\Desktop\BTRD\BTRD\sailboat\clipper-ship-sea-boat-ocean-sky-989030.jpg</path>
	<source>
		<database>Unknown</database>
	</source>
	<size>
		<width>1280</width>
		<height>898</height>
		<depth>3</depth>
	</size>
	<segmented>0</segmented>
	<object>
		<name>sailboat</name>
		<pose>Unspecified</pose>
		<truncated>0</truncated>
		<difficult>0</difficult>
		<bndbox>
			<xmin>441</xmin>
			<ymin>520</ymin>
			<xmax>634</xmax>
			<ymax>701</ymax>
		</bndbox>
	</object>
</annotation>
