<annotation>
	<folder>sailboat</folder>
	<filename>clipper-sail-boat-ocean-sea-ship-nautica-487503.jpg</filename>
	<path>C:\Users\51-9302\Desktop\BTRD\BTRD\sailboat\clipper-sail-boat-ocean-sea-ship-nautica-487503.jpg</path>
	<source>
		<database>Unknown</database>
	</source>
	<size>
		<width>853</width>
		<height>1280</height>
		<depth>3</depth>
	</size>
	<segmented>0</segmented>
	<object>
		<name>sailboat</name>
		<pose>Unspecified</pose>
		<truncated>0</truncated>
		<difficult>0</difficult>
		<bndbox>
			<xmin>169</xmin>
			<ymin>179</ymin>
			<xmax>660</xmax>
			<ymax>982</ymax>
		</bndbox>
	</object>
</annotation>
