<annotation>
	<folder>sailboat</folder>
	<filename>clipper-ship-tall-masts-sailing-812669.jpg</filename>
	<path>C:\Users\51-9302\Desktop\BTRD\BTRD\sailboat\clipper-ship-tall-masts-sailing-812669.jpg</path>
	<source>
		<database>Unknown</database>
	</source>
	<size>
		<width>1280</width>
		<height>856</height>
		<depth>3</depth>
	</size>
	<segmented>0</segmented>
	<object>
		<name>sailboat</name>
		<pose>Unspecified</pose>
		<truncated>0</truncated>
		<difficult>0</difficult>
		<bndbox>
			<xmin>186</xmin>
			<ymin>20</ymin>
			<xmax>1047</xmax>
			<ymax>720</ymax>
		</bndbox>
	</object>
</annotation>
