<annotation>
	<folder>cruise ship</folder>
	<filename>clouds-ship-sky-water-vacations-3589636.jpg</filename>
	<path>C:\Users\51-9302\Desktop\BTRD\BTRD\cruise ship\clouds-ship-sky-water-vacations-3589636.jpg</path>
	<source>
		<database>Unknown</database>
	</source>
	<size>
		<width>1280</width>
		<height>853</height>
		<depth>3</depth>
	</size>
	<segmented>0</segmented>
	<object>
		<name>cruiseship</name>
		<pose>Unspecified</pose>
		<truncated>0</truncated>
		<difficult>0</difficult>
		<bndbox>
			<xmin>463</xmin>
			<ymin>404</ymin>
			<xmax>745</xmax>
			<ymax>693</ymax>
		</bndbox>
	</object>
</annotation>
