<annotation>
	<folder>sailboat</folder>
	<filename>coast-ship-pirates-sailboat-cyprus-ship--1136247.jpg</filename>
	<path>C:\Users\51-9302\Desktop\BTRD\BTRD\sailboat\coast-ship-pirates-sailboat-cyprus-ship--1136247.jpg</path>
	<source>
		<database>Unknown</database>
	</source>
	<size>
		<width>1280</width>
		<height>959</height>
		<depth>3</depth>
	</size>
	<segmented>0</segmented>
	<object>
		<name>sailboat</name>
		<pose>Unspecified</pose>
		<truncated>0</truncated>
		<difficult>0</difficult>
		<bndbox>
			<xmin>521</xmin>
			<ymin>358</ymin>
			<xmax>865</xmax>
			<ymax>594</ymax>
		</bndbox>
	</object>
</annotation>
