<annotation>
	<folder>buoy</folder>
	<filename>colorful-blue-buoy-monument-beach-242730.jpg</filename>
	<path>C:\Users\51-9302\Desktop\BTRD\buoy\colorful-blue-buoy-monument-beach-242730.jpg</path>
	<source>
		<database>Unknown</database>
	</source>
	<size>
		<width>853</width>
		<height>1280</height>
		<depth>3</depth>
	</size>
	<segmented>0</segmented>
	<object>
		<name>buoy</name>
		<pose>Unspecified</pose>
		<truncated>0</truncated>
		<difficult>0</difficult>
		<bndbox>
			<xmin>207</xmin>
			<ymin>272</ymin>
			<xmax>842</xmax>
			<ymax>1069</ymax>
		</bndbox>
	</object>
	<object>
		<name>buoy</name>
		<pose>Unspecified</pose>
		<truncated>1</truncated>
		<difficult>0</difficult>
		<bndbox>
			<xmin>1</xmin>
			<ymin>554</ymin>
			<xmax>348</xmax>
			<ymax>972</ymax>
		</bndbox>
	</object>
</annotation>
