<annotation>
	<folder>cruise ship</folder>
	<filename>colorline-kiel-the-port-of-kiel-2787929.jpg</filename>
	<path>C:\Users\51-9302\Desktop\BTRD\BTRD\cruise ship\colorline-kiel-the-port-of-kiel-2787929.jpg</path>
	<source>
		<database>Unknown</database>
	</source>
	<size>
		<width>0</width>
		<height>0</height>
		<depth>3</depth>
	</size>
	<segmented>0</segmented>
	<object>
		<name>cruiseship</name>
		<pose>Unspecified</pose>
		<truncated>0</truncated>
		<difficult>0</difficult>
		<bndbox>
			<xmin>54</xmin>
			<ymin>123</ymin>
			<xmax>789</xmax>
			<ymax>579</ymax>
		</bndbox>
	</object>
</annotation>
