<annotation>
	<folder>cruise ship</folder>
	<filename>colorline-color-fantasy-cruise-ship-1435642.jpg</filename>
	<path>C:\Users\51-9302\Desktop\BTRD\BTRD\cruise ship\colorline-color-fantasy-cruise-ship-1435642.jpg</path>
	<source>
		<database>Unknown</database>
	</source>
	<size>
		<width>1280</width>
		<height>853</height>
		<depth>3</depth>
	</size>
	<segmented>0</segmented>
	<object>
		<name>cruiseship</name>
		<pose>Unspecified</pose>
		<truncated>0</truncated>
		<difficult>0</difficult>
		<bndbox>
			<xmin>71</xmin>
			<ymin>260</ymin>
			<xmax>973</xmax>
			<ymax>581</ymax>
		</bndbox>
	</object>
</annotation>
