<annotation>
	<folder>kayak</folder>
	<filename>competition-kayak-race-ocean-281903.jpg</filename>
	<path>C:\Users\51-9302\Desktop\BTRD\BTRD\kayak\competition-kayak-race-ocean-281903.jpg</path>
	<source>
		<database>Unknown</database>
	</source>
	<size>
		<width>1280</width>
		<height>847</height>
		<depth>3</depth>
	</size>
	<segmented>0</segmented>
	<object>
		<name>kayak</name>
		<pose>Unspecified</pose>
		<truncated>0</truncated>
		<difficult>0</difficult>
		<bndbox>
			<xmin>138</xmin>
			<ymin>430</ymin>
			<xmax>539</xmax>
			<ymax>587</ymax>
		</bndbox>
	</object>
	<object>
		<name>kayak</name>
		<pose>Unspecified</pose>
		<truncated>0</truncated>
		<difficult>0</difficult>
		<bndbox>
			<xmin>604</xmin>
			<ymin>578</ymin>
			<xmax>1069</xmax>
			<ymax>723</ymax>
		</bndbox>
	</object>
</annotation>
