<annotation>
	<folder>sailboat</folder>
	<filename>corsican-bonifacio-port-fortress-3717293.jpg</filename>
	<path>C:\Users\51-9302\Desktop\BTRD\BTRD\sailboat\corsican-bonifacio-port-fortress-3717293.jpg</path>
	<source>
		<database>Unknown</database>
	</source>
	<size>
		<width>1280</width>
		<height>851</height>
		<depth>3</depth>
	</size>
	<segmented>0</segmented>
	<object>
		<name>sailboat</name>
		<pose>Unspecified</pose>
		<truncated>0</truncated>
		<difficult>0</difficult>
		<bndbox>
			<xmin>838</xmin>
			<ymin>339</ymin>
			<xmax>954</xmax>
			<ymax>728</ymax>
		</bndbox>
	</object>
	<object>
		<name>sailboat</name>
		<pose>Unspecified</pose>
		<truncated>0</truncated>
		<difficult>0</difficult>
		<bndbox>
			<xmin>326</xmin>
			<ymin>352</ymin>
			<xmax>461</xmax>
			<ymax>715</ymax>
		</bndbox>
	</object>
	<object>
		<name>sailboat</name>
		<pose>Unspecified</pose>
		<truncated>0</truncated>
		<difficult>0</difficult>
		<bndbox>
			<xmin>45</xmin>
			<ymin>198</ymin>
			<xmax>199</xmax>
			<ymax>742</ymax>
		</bndbox>
	</object>
	<object>
		<name>sailboat</name>
		<pose>Unspecified</pose>
		<truncated>0</truncated>
		<difficult>0</difficult>
		<bndbox>
			<xmin>657</xmin>
			<ymin>375</ymin>
			<xmax>838</xmax>
			<ymax>711</ymax>
		</bndbox>
	</object>
</annotation>
