<annotation>
	<folder>cruise ship</folder>
	<filename>costa-pacifica-kiel-baltic-sea-port-3650089.jpg</filename>
	<path>C:\Users\51-9302\Desktop\BTRD\BTRD\cruise ship\costa-pacifica-kiel-baltic-sea-port-3650089.jpg</path>
	<source>
		<database>Unknown</database>
	</source>
	<size>
		<width>1280</width>
		<height>638</height>
		<depth>3</depth>
	</size>
	<segmented>0</segmented>
	<object>
		<name>cruiseship</name>
		<pose>Unspecified</pose>
		<truncated>0</truncated>
		<difficult>0</difficult>
		<bndbox>
			<xmin>251</xmin>
			<ymin>205</ymin>
			<xmax>888</xmax>
			<ymax>349</ymax>
		</bndbox>
	</object>
</annotation>
