<annotation>
	<folder>sailboat</folder>
	<filename>crete-boat-sails-sea-water-greece-907242.jpg</filename>
	<path>C:\Users\51-9302\Desktop\BTRD\BTRD\sailboat\crete-boat-sails-sea-water-greece-907242.jpg</path>
	<source>
		<database>Unknown</database>
	</source>
	<size>
		<width>1280</width>
		<height>847</height>
		<depth>3</depth>
	</size>
	<segmented>0</segmented>
	<object>
		<name>sailboat</name>
		<pose>Unspecified</pose>
		<truncated>0</truncated>
		<difficult>0</difficult>
		<bndbox>
			<xmin>354</xmin>
			<ymin>131</ymin>
			<xmax>864</xmax>
			<ymax>805</ymax>
		</bndbox>
	</object>
</annotation>
