<annotation>
	<folder>cruise ship</folder>
	<filename>cruise-ship-lake-vacations-sea-141708.jpg</filename>
	<path>C:\Users\51-9302\Desktop\BTRD\BTRD\cruise ship\cruise-ship-lake-vacations-sea-141708.jpg</path>
	<source>
		<database>Unknown</database>
	</source>
	<size>
		<width>993</width>
		<height>1280</height>
		<depth>3</depth>
	</size>
	<segmented>0</segmented>
	<object>
		<name>cruiseship</name>
		<pose>Unspecified</pose>
		<truncated>0</truncated>
		<difficult>0</difficult>
		<bndbox>
			<xmin>50</xmin>
			<ymin>294</ymin>
			<xmax>936</xmax>
			<ymax>1049</ymax>
		</bndbox>
	</object>
</annotation>
