<annotation>
	<folder>cruise ship</folder>
	<filename>cruise-caribbean-aida-sunset-vacations-s-778531.jpg</filename>
	<path>C:\Users\51-9302\Desktop\BTRD\BTRD\cruise ship\cruise-caribbean-aida-sunset-vacations-s-778531.jpg</path>
	<source>
		<database>Unknown</database>
	</source>
	<size>
		<width>853</width>
		<height>1280</height>
		<depth>3</depth>
	</size>
	<segmented>0</segmented>
	<object>
		<name>cruiseship</name>
		<pose>Unspecified</pose>
		<truncated>1</truncated>
		<difficult>0</difficult>
		<bndbox>
			<xmin>348</xmin>
			<ymin>395</ymin>
			<xmax>853</xmax>
			<ymax>717</ymax>
		</bndbox>
	</object>
</annotation>
