<annotation>
	<folder>cruise ship</folder>
	<filename>cruise-ship-ship-berthed-shipyard-liner--433689.jpg</filename>
	<path>C:\Users\51-9302\Desktop\BTRD\BTRD\cruise ship\cruise-ship-ship-berthed-shipyard-liner--433689.jpg</path>
	<source>
		<database>Unknown</database>
	</source>
	<size>
		<width>1280</width>
		<height>856</height>
		<depth>3</depth>
	</size>
	<segmented>0</segmented>
	<object>
		<name>cruiseship</name>
		<pose>Unspecified</pose>
		<truncated>0</truncated>
		<difficult>0</difficult>
		<bndbox>
			<xmin>63</xmin>
			<ymin>306</ymin>
			<xmax>1109</xmax>
			<ymax>742</ymax>
		</bndbox>
	</object>
</annotation>
