<annotation>
	<folder>cruise ship</folder>
	<filename>cruise-ship-cruise-cruiser-my-ship-1111663.jpg</filename>
	<path>C:\Users\51-9302\Desktop\BTRD\BTRD\cruise ship\cruise-ship-cruise-cruiser-my-ship-1111663.jpg</path>
	<source>
		<database>Unknown</database>
	</source>
	<size>
		<width>1280</width>
		<height>851</height>
		<depth>1</depth>
	</size>
	<segmented>0</segmented>
	<object>
		<name>cruiseship</name>
		<pose>Unspecified</pose>
		<truncated>1</truncated>
		<difficult>0</difficult>
		<bndbox>
			<xmin>119</xmin>
			<ymin>21</ymin>
			<xmax>1280</xmax>
			<ymax>740</ymax>
		</bndbox>
	</object>
</annotation>
