<annotation>
	<folder>cruise ship</folder>
	<filename>cruise-ship-tug-boat-ocean-sea-3712093.jpg</filename>
	<path>C:\Users\51-9302\Desktop\BTRD\BTRD\cruise ship\cruise-ship-tug-boat-ocean-sea-3712093.jpg</path>
	<source>
		<database>Unknown</database>
	</source>
	<size>
		<width>784</width>
		<height>907</height>
		<depth>3</depth>
	</size>
	<segmented>0</segmented>
	<object>
		<name>cruiseship</name>
		<pose>Unspecified</pose>
		<truncated>0</truncated>
		<difficult>0</difficult>
		<bndbox>
			<xmin>126</xmin>
			<ymin>306</ymin>
			<xmax>750</xmax>
			<ymax>617</ymax>
		</bndbox>
	</object>
</annotation>
