<annotation>
	<folder>cruise ship</folder>
	<filename>cruise-cruise-ship-ship-traffic-224125.jpg</filename>
	<path>C:\Users\51-9302\Desktop\BTRD\BTRD\cruise ship\cruise-cruise-ship-ship-traffic-224125.jpg</path>
	<source>
		<database>Unknown</database>
	</source>
	<size>
		<width>1280</width>
		<height>960</height>
		<depth>3</depth>
	</size>
	<segmented>0</segmented>
	<object>
		<name>cruiseship</name>
		<pose>Unspecified</pose>
		<truncated>0</truncated>
		<difficult>0</difficult>
		<bndbox>
			<xmin>306</xmin>
			<ymin>230</ymin>
			<xmax>1248</xmax>
			<ymax>672</ymax>
		</bndbox>
	</object>
</annotation>
