<annotation>
	<folder>cruise ship</folder>
	<filename>cruise-ship-boat-ocean-vacation-people-m-1775437.jpg</filename>
	<path>C:\Users\51-9302\Desktop\BTRD\BTRD\cruise ship\cruise-ship-boat-ocean-vacation-people-m-1775437.jpg</path>
	<source>
		<database>Unknown</database>
	</source>
	<size>
		<width>817</width>
		<height>724</height>
		<depth>3</depth>
	</size>
	<segmented>0</segmented>
	<object>
		<name>cruiseship</name>
		<pose>Unspecified</pose>
		<truncated>0</truncated>
		<difficult>0</difficult>
		<bndbox>
			<xmin>185</xmin>
			<ymin>234</ymin>
			<xmax>805</xmax>
			<ymax>550</ymax>
		</bndbox>
	</object>
</annotation>
