<annotation>
	<folder>cruise ship</folder>
	<filename>cruise-ship-cruise-norwegian-jade-3526976.jpg</filename>
	<path>C:\Users\51-9302\Desktop\BTRD\BTRD\cruise ship\cruise-ship-cruise-norwegian-jade-3526976.jpg</path>
	<source>
		<database>Unknown</database>
	</source>
	<size>
		<width>1280</width>
		<height>853</height>
		<depth>3</depth>
	</size>
	<segmented>0</segmented>
	<object>
		<name>cruiseship</name>
		<pose>Unspecified</pose>
		<truncated>0</truncated>
		<difficult>0</difficult>
		<bndbox>
			<xmin>102</xmin>
			<ymin>239</ymin>
			<xmax>1208</xmax>
			<ymax>589</ymax>
		</bndbox>
	</object>
</annotation>
