<annotation>
	<folder>cruise ship</folder>
	<filename>cruise-ship-caribbean-travel-vacation-ho-1111541.jpg</filename>
	<path>C:\Users\51-9302\Desktop\BTRD\BTRD\cruise ship\cruise-ship-caribbean-travel-vacation-ho-1111541.jpg</path>
	<source>
		<database>Unknown</database>
	</source>
	<size>
		<width>1280</width>
		<height>852</height>
		<depth>3</depth>
	</size>
	<segmented>0</segmented>
	<object>
		<name>cruiseship</name>
		<pose>Unspecified</pose>
		<truncated>0</truncated>
		<difficult>0</difficult>
		<bndbox>
			<xmin>170</xmin>
			<ymin>220</ymin>
			<xmax>900</xmax>
			<ymax>516</ymax>
		</bndbox>
	</object>
</annotation>
