<annotation>
	<folder>cruise ship</folder>
	<filename>cruise-ship-line-drawing-cruise-ship-2293977.jpg</filename>
	<path>C:\Users\51-9302\Desktop\BTRD\BTRD\cruise ship\cruise-ship-line-drawing-cruise-ship-2293977.jpg</path>
	<source>
		<database>Unknown</database>
	</source>
	<size>
		<width>1201</width>
		<height>1280</height>
		<depth>1</depth>
	</size>
	<segmented>0</segmented>
	<object>
		<name>cruiseship</name>
		<pose>Unspecified</pose>
		<truncated>0</truncated>
		<difficult>0</difficult>
		<bndbox>
			<xmin>3</xmin>
			<ymin>35</ymin>
			<xmax>867</xmax>
			<ymax>1246</ymax>
		</bndbox>
	</object>
</annotation>
