<annotation>
	<folder>cruise ship</folder>
	<filename>cruise-ship-storm-clouds-sea-sky-ocean-v-1323553.jpg</filename>
	<path>C:\Users\51-9302\Desktop\BTRD\BTRD\cruise ship\cruise-ship-storm-clouds-sea-sky-ocean-v-1323553.jpg</path>
	<source>
		<database>Unknown</database>
	</source>
	<size>
		<width>1280</width>
		<height>667</height>
		<depth>3</depth>
	</size>
	<segmented>0</segmented>
	<object>
		<name>cruiseship</name>
		<pose>Unspecified</pose>
		<truncated>0</truncated>
		<difficult>0</difficult>
		<bndbox>
			<xmin>107</xmin>
			<ymin>441</ymin>
			<xmax>954</xmax>
			<ymax>603</ymax>
		</bndbox>
	</object>
</annotation>
