<annotation>
	<folder>cruise ship</folder>
	<filename>cruise-sea-ship-montenegro-yacht-cruise--1519026.jpg</filename>
	<path>C:\Users\51-9302\Desktop\BTRD\BTRD\cruise ship\cruise-sea-ship-montenegro-yacht-cruise--1519026.jpg</path>
	<source>
		<database>Unknown</database>
	</source>
	<size>
		<width>1280</width>
		<height>853</height>
		<depth>3</depth>
	</size>
	<segmented>0</segmented>
	<object>
		<name>cruiseship</name>
		<pose>Unspecified</pose>
		<truncated>0</truncated>
		<difficult>0</difficult>
		<bndbox>
			<xmin>197</xmin>
			<ymin>8</ymin>
			<xmax>1247</xmax>
			<ymax>815</ymax>
		</bndbox>
	</object>
</annotation>
