<annotation>
	<folder>cruise ship</folder>
	<filename>cruise-ship-tug-boat-ocean-sea-3714026.jpg</filename>
	<path>C:\Users\51-9302\Desktop\BTRD\BTRD\cruise ship\cruise-ship-tug-boat-ocean-sea-3714026.jpg</path>
	<source>
		<database>Unknown</database>
	</source>
	<size>
		<width>1280</width>
		<height>827</height>
		<depth>3</depth>
	</size>
	<segmented>0</segmented>
	<object>
		<name>cruiseship</name>
		<pose>Unspecified</pose>
		<truncated>0</truncated>
		<difficult>0</difficult>
		<bndbox>
			<xmin>562</xmin>
			<ymin>162</ymin>
			<xmax>1222</xmax>
			<ymax>732</ymax>
		</bndbox>
	</object>
</annotation>
