<annotation>
	<folder>cruise ship</folder>
	<filename>cruise-liner-asia-star-catamaran-616997.jpg</filename>
	<path>C:\Users\51-9302\Desktop\BTRD\BTRD\cruise ship\cruise-liner-asia-star-catamaran-616997.jpg</path>
	<source>
		<database>Unknown</database>
	</source>
	<size>
		<width>1280</width>
		<height>857</height>
		<depth>3</depth>
	</size>
	<segmented>0</segmented>
	<object>
		<name>cruiseship</name>
		<pose>Unspecified</pose>
		<truncated>0</truncated>
		<difficult>0</difficult>
		<bndbox>
			<xmin>211</xmin>
			<ymin>265</ymin>
			<xmax>1225</xmax>
			<ymax>722</ymax>
		</bndbox>
	</object>
</annotation>
