<annotation>
	<folder>cruise ship</folder>
	<filename>cruise-cruise-ship-sea-water-3709528.jpg</filename>
	<path>C:\Users\51-9302\Desktop\BTRD\BTRD\cruise ship\cruise-cruise-ship-sea-water-3709528.jpg</path>
	<source>
		<database>Unknown</database>
	</source>
	<size>
		<width>1280</width>
		<height>847</height>
		<depth>3</depth>
	</size>
	<segmented>0</segmented>
	<object>
		<name>cruiseship</name>
		<pose>Unspecified</pose>
		<truncated>0</truncated>
		<difficult>0</difficult>
		<bndbox>
			<xmin>155</xmin>
			<ymin>195</ymin>
			<xmax>1198</xmax>
			<ymax>406</ymax>
		</bndbox>
	</object>
</annotation>
