<annotation>
	<folder>cruise ship</folder>
	<filename>cruise-ship-ship-bug-cruise-water-3669943.jpg</filename>
	<path>C:\Users\51-9302\Desktop\BTRD\BTRD\cruise ship\cruise-ship-ship-bug-cruise-water-3669943.jpg</path>
	<source>
		<database>Unknown</database>
	</source>
	<size>
		<width>1280</width>
		<height>851</height>
		<depth>3</depth>
	</size>
	<segmented>0</segmented>
	<object>
		<name>cruiseship</name>
		<pose>Unspecified</pose>
		<truncated>1</truncated>
		<difficult>0</difficult>
		<bndbox>
			<xmin>1</xmin>
			<ymin>39</ymin>
			<xmax>1229</xmax>
			<ymax>797</ymax>
		</bndbox>
	</object>
</annotation>
