<annotation>
	<folder>cruise ship</folder>
	<filename>cruise-ship-travel-cruise-ship-3526985.jpg</filename>
	<path>C:\Users\51-9302\Desktop\BTRD\BTRD\cruise ship\cruise-ship-travel-cruise-ship-3526985.jpg</path>
	<source>
		<database>Unknown</database>
	</source>
	<size>
		<width>1280</width>
		<height>853</height>
		<depth>3</depth>
	</size>
	<segmented>0</segmented>
	<object>
		<name>cruiseship</name>
		<pose>Unspecified</pose>
		<truncated>0</truncated>
		<difficult>0</difficult>
		<bndbox>
			<xmin>76</xmin>
			<ymin>342</ymin>
			<xmax>1254</xmax>
			<ymax>585</ymax>
		</bndbox>
	</object>
</annotation>
