<annotation>
	<folder>cruise ship</folder>
	<filename>cruise-ship-sea-vacations-port-holiday-c-1218305.jpg</filename>
	<path>C:\Users\51-9302\Desktop\BTRD\BTRD\cruise ship\cruise-ship-sea-vacations-port-holiday-c-1218305.jpg</path>
	<source>
		<database>Unknown</database>
	</source>
	<size>
		<width>1280</width>
		<height>720</height>
		<depth>3</depth>
	</size>
	<segmented>0</segmented>
	<object>
		<name>cruiseship</name>
		<pose>Unspecified</pose>
		<truncated>0</truncated>
		<difficult>0</difficult>
		<bndbox>
			<xmin>377</xmin>
			<ymin>388</ymin>
			<xmax>554</xmax>
			<ymax>569</ymax>
		</bndbox>
	</object>
</annotation>
