<annotation>
	<folder>cruise ship</folder>
	<filename>cruise-scenic-travel-vacation-ship-touri-937069.jpg</filename>
	<path>C:\Users\51-9302\Desktop\BTRD\BTRD\cruise ship\cruise-scenic-travel-vacation-ship-touri-937069.jpg</path>
	<source>
		<database>Unknown</database>
	</source>
	<size>
		<width>1280</width>
		<height>960</height>
		<depth>3</depth>
	</size>
	<segmented>0</segmented>
	<object>
		<name>cruiseship</name>
		<pose>Unspecified</pose>
		<truncated>0</truncated>
		<difficult>0</difficult>
		<bndbox>
			<xmin>119</xmin>
			<ymin>279</ymin>
			<xmax>1156</xmax>
			<ymax>584</ymax>
		</bndbox>
	</object>
</annotation>
