<annotation>
	<folder>cruise ship</folder>
	<filename>cruise-ship-sea-cruise-ships-water-ocean-141709.jpg</filename>
	<path>C:\Users\51-9302\Desktop\BTRD\BTRD\cruise ship\cruise-ship-sea-cruise-ships-water-ocean-141709.jpg</path>
	<source>
		<database>Unknown</database>
	</source>
	<size>
		<width>853</width>
		<height>1280</height>
		<depth>3</depth>
	</size>
	<segmented>0</segmented>
	<object>
		<name>cruiseship</name>
		<pose>Unspecified</pose>
		<truncated>0</truncated>
		<difficult>0</difficult>
		<bndbox>
			<xmin>132</xmin>
			<ymin>585</ymin>
			<xmax>600</xmax>
			<ymax>1017</ymax>
		</bndbox>
	</object>
</annotation>
