<annotation>
	<folder>cruise ship</folder>
	<filename>cruise-ship-sunset-travel-sea-vacation-o-601527.jpg</filename>
	<path>C:\Users\51-9302\Desktop\BTRD\BTRD\cruise ship\cruise-ship-sunset-travel-sea-vacation-o-601527.jpg</path>
	<source>
		<database>Unknown</database>
	</source>
	<size>
		<width>1280</width>
		<height>667</height>
		<depth>3</depth>
	</size>
	<segmented>0</segmented>
	<object>
		<name>cruiseship</name>
		<pose>Unspecified</pose>
		<truncated>0</truncated>
		<difficult>0</difficult>
		<bndbox>
			<xmin>404</xmin>
			<ymin>421</ymin>
			<xmax>615</xmax>
			<ymax>532</ymax>
		</bndbox>
	</object>
</annotation>
