<annotation>
	<folder>cruise ship</folder>
	<filename>cruises-shipping-msc-magnifica-3526975.jpg</filename>
	<path>C:\Users\51-9302\Desktop\BTRD\BTRD\cruise ship\cruises-shipping-msc-magnifica-3526975.jpg</path>
	<source>
		<database>Unknown</database>
	</source>
	<size>
		<width>1280</width>
		<height>853</height>
		<depth>3</depth>
	</size>
	<segmented>0</segmented>
	<object>
		<name>cruiseship</name>
		<pose>Unspecified</pose>
		<truncated>0</truncated>
		<difficult>0</difficult>
		<bndbox>
			<xmin>69</xmin>
			<ymin>272</ymin>
			<xmax>1151</xmax>
			<ymax>678</ymax>
		</bndbox>
	</object>
</annotation>
