<annotation>
	<folder>cruise ship</folder>
	<filename>cruise-ships-baltic-cruise-ships-2423056.jpg</filename>
	<path>C:\Users\51-9302\Desktop\BTRD\BTRD\cruise ship\cruise-ships-baltic-cruise-ships-2423056.jpg</path>
	<source>
		<database>Unknown</database>
	</source>
	<size>
		<width>1280</width>
		<height>960</height>
		<depth>3</depth>
	</size>
	<segmented>0</segmented>
	<object>
		<name>cruiseship</name>
		<pose>Unspecified</pose>
		<truncated>0</truncated>
		<difficult>0</difficult>
		<bndbox>
			<xmin>49</xmin>
			<ymin>329</ymin>
			<xmax>484</xmax>
			<ymax>783</ymax>
		</bndbox>
	</object>
	<object>
		<name>cruiseship</name>
		<pose>Unspecified</pose>
		<truncated>0</truncated>
		<difficult>0</difficult>
		<bndbox>
			<xmin>461</xmin>
			<ymin>264</ymin>
			<xmax>1223</xmax>
			<ymax>769</ymax>
		</bndbox>
	</object>
</annotation>
