<annotation>
	<folder>cruise ship</folder>
	<filename>cruise-liner-naval-ship-cruise-ship-ship-1292921.jpg</filename>
	<path>C:\Users\51-9302\Desktop\BTRD\BTRD\cruise ship\cruise-liner-naval-ship-cruise-ship-ship-1292921.jpg</path>
	<source>
		<database>Unknown</database>
	</source>
	<size>
		<width>1280</width>
		<height>764</height>
		<depth>1</depth>
	</size>
	<segmented>0</segmented>
	<object>
		<name>cruiseship</name>
		<pose>Unspecified</pose>
		<truncated>1</truncated>
		<difficult>0</difficult>
		<bndbox>
			<xmin>50</xmin>
			<ymin>37</ymin>
			<xmax>1280</xmax>
			<ymax>613</ymax>
		</bndbox>
	</object>
</annotation>
