<annotation>
	<folder>cruise ship</folder>
	<filename>cruise-ship-cruise-ship-vacations-2860249.jpg</filename>
	<path>C:\Users\51-9302\Desktop\BTRD\BTRD\cruise ship\cruise-ship-cruise-ship-vacations-2860249.jpg</path>
	<source>
		<database>Unknown</database>
	</source>
	<size>
		<width>1280</width>
		<height>850</height>
		<depth>3</depth>
	</size>
	<segmented>0</segmented>
	<object>
		<name>cruiseship</name>
		<pose>Unspecified</pose>
		<truncated>0</truncated>
		<difficult>0</difficult>
		<bndbox>
			<xmin>268</xmin>
			<ymin>241</ymin>
			<xmax>948</xmax>
			<ymax>627</ymax>
		</bndbox>
	</object>
</annotation>
