<annotation>
	<folder>cruise ship</folder>
	<filename>cruise-ship-serenade-of-the-seas-3484854.jpg</filename>
	<path>C:\Users\51-9302\Desktop\BTRD\BTRD\cruise ship\cruise-ship-serenade-of-the-seas-3484854.jpg</path>
	<source>
		<database>Unknown</database>
	</source>
	<size>
		<width>1280</width>
		<height>822</height>
		<depth>3</depth>
	</size>
	<segmented>0</segmented>
	<object>
		<name>cruiseship</name>
		<pose>Unspecified</pose>
		<truncated>0</truncated>
		<difficult>0</difficult>
		<bndbox>
			<xmin>185</xmin>
			<ymin>324</ymin>
			<xmax>933</xmax>
			<ymax>547</ymax>
		</bndbox>
	</object>
</annotation>
