<annotation>
	<folder>cruise ship</folder>
	<filename>cruises-ship-cruise-travel-tourism-3526539.jpg</filename>
	<path>C:\Users\51-9302\Desktop\BTRD\BTRD\cruise ship\cruises-ship-cruise-travel-tourism-3526539.jpg</path>
	<source>
		<database>Unknown</database>
	</source>
	<size>
		<width>1280</width>
		<height>885</height>
		<depth>3</depth>
	</size>
	<segmented>0</segmented>
	<object>
		<name>cruiseship</name>
		<pose>Unspecified</pose>
		<truncated>0</truncated>
		<difficult>0</difficult>
		<bndbox>
			<xmin>80</xmin>
			<ymin>274</ymin>
			<xmax>558</xmax>
			<ymax>743</ymax>
		</bndbox>
	</object>
	<object>
		<name>cruiseship</name>
		<pose>Unspecified</pose>
		<truncated>0</truncated>
		<difficult>0</difficult>
		<bndbox>
			<xmin>463</xmin>
			<ymin>328</ymin>
			<xmax>1250</xmax>
			<ymax>746</ymax>
		</bndbox>
	</object>
</annotation>
