<annotation>
	<folder>cruise ship</folder>
	<filename>cruise-hamburg-aida-prima-port-elbe-crui-1624522.jpg</filename>
	<path>C:\Users\51-9302\Desktop\BTRD\BTRD\cruise ship\cruise-hamburg-aida-prima-port-elbe-crui-1624522.jpg</path>
	<source>
		<database>Unknown</database>
	</source>
	<size>
		<width>1280</width>
		<height>532</height>
		<depth>3</depth>
	</size>
	<segmented>0</segmented>
	<object>
		<name>cruiseship</name>
		<pose>Unspecified</pose>
		<truncated>0</truncated>
		<difficult>0</difficult>
		<bndbox>
			<xmin>95</xmin>
			<ymin>68</ymin>
			<xmax>1142</xmax>
			<ymax>452</ymax>
		</bndbox>
	</object>
</annotation>
