<annotation>
	<folder>cruise ship</folder>
	<filename>cruise-ship-ocean-sea-water-shore-coast--1034620.jpg</filename>
	<path>C:\Users\51-9302\Desktop\BTRD\BTRD\cruise ship\cruise-ship-ocean-sea-water-shore-coast--1034620.jpg</path>
	<source>
		<database>Unknown</database>
	</source>
	<size>
		<width>1280</width>
		<height>896</height>
		<depth>3</depth>
	</size>
	<segmented>0</segmented>
	<object>
		<name>cruiseship</name>
		<pose>Unspecified</pose>
		<truncated>0</truncated>
		<difficult>0</difficult>
		<bndbox>
			<xmin>176</xmin>
			<ymin>407</ymin>
			<xmax>1123</xmax>
			<ymax>709</ymax>
		</bndbox>
	</object>
</annotation>
