<annotation>
	<folder>cruise ship</folder>
	<filename>cruise-ship-vacation-ocean-sea-3619202.jpg</filename>
	<path>C:\Users\51-9302\Desktop\BTRD\BTRD\cruise ship\cruise-ship-vacation-ocean-sea-3619202.jpg</path>
	<source>
		<database>Unknown</database>
	</source>
	<size>
		<width>1280</width>
		<height>851</height>
		<depth>1</depth>
	</size>
	<segmented>0</segmented>
	<object>
		<name>cruiseship</name>
		<pose>Unspecified</pose>
		<truncated>0</truncated>
		<difficult>0</difficult>
		<bndbox>
			<xmin>212</xmin>
			<ymin>313</ymin>
			<xmax>1247</xmax>
			<ymax>793</ymax>
		</bndbox>
	</object>
</annotation>
