<annotation>
	<folder>cruise ship</folder>
	<filename>cruise-ship-cruiser-cruise-ship-1578528.jpg</filename>
	<path>C:\Users\51-9302\Desktop\BTRD\BTRD\cruise ship\cruise-ship-cruiser-cruise-ship-1578528.jpg</path>
	<source>
		<database>Unknown</database>
	</source>
	<size>
		<width>1280</width>
		<height>851</height>
		<depth>3</depth>
	</size>
	<segmented>0</segmented>
	<object>
		<name>cruiseship</name>
		<pose>Unspecified</pose>
		<truncated>0</truncated>
		<difficult>0</difficult>
		<bndbox>
			<xmin>203</xmin>
			<ymin>104</ymin>
			<xmax>1084</xmax>
			<ymax>670</ymax>
		</bndbox>
	</object>
</annotation>
