<annotation>
	<folder>cruise ship</folder>
	<filename>cruise-costa-pacifica-shipping-3526983.jpg</filename>
	<path>C:\Users\51-9302\Desktop\BTRD\BTRD\cruise ship\cruise-costa-pacifica-shipping-3526983.jpg</path>
	<source>
		<database>Unknown</database>
	</source>
	<size>
		<width>1280</width>
		<height>853</height>
		<depth>3</depth>
	</size>
	<segmented>0</segmented>
	<object>
		<name>cruiseship</name>
		<pose>Unspecified</pose>
		<truncated>0</truncated>
		<difficult>0</difficult>
		<bndbox>
			<xmin>109</xmin>
			<ymin>254</ymin>
			<xmax>1094</xmax>
			<ymax>523</ymax>
		</bndbox>
	</object>
</annotation>
