<annotation>
	<folder>cruise ship</folder>
	<filename>cruise-ship-vessel-ocean-vacation-people-1775445.jpg</filename>
	<path>C:\Users\51-9302\Desktop\BTRD\BTRD\cruise ship\cruise-ship-vessel-ocean-vacation-people-1775445.jpg</path>
	<source>
		<database>Unknown</database>
	</source>
	<size>
		<width>1280</width>
		<height>773</height>
		<depth>3</depth>
	</size>
	<segmented>0</segmented>
	<object>
		<name>cruiseship</name>
		<pose>Unspecified</pose>
		<truncated>0</truncated>
		<difficult>0</difficult>
		<bndbox>
			<xmin>266</xmin>
			<ymin>567</ymin>
			<xmax>649</xmax>
			<ymax>702</ymax>
		</bndbox>
	</object>
</annotation>
