<annotation>
	<folder>cruise ship</folder>
	<filename>cruise-cruise-ship-ship-norway-fjord-mou-874485.jpg</filename>
	<path>C:\Users\51-9302\Desktop\BTRD\BTRD\cruise ship\cruise-cruise-ship-ship-norway-fjord-mou-874485.jpg</path>
	<source>
		<database>Unknown</database>
	</source>
	<size>
		<width>1280</width>
		<height>853</height>
		<depth>3</depth>
	</size>
	<segmented>0</segmented>
	<object>
		<name>cruiseship</name>
		<pose>Unspecified</pose>
		<truncated>0</truncated>
		<difficult>0</difficult>
		<bndbox>
			<xmin>611</xmin>
			<ymin>555</ymin>
			<xmax>1181</xmax>
			<ymax>716</ymax>
		</bndbox>
	</object>
</annotation>
