<annotation>
	<folder>cruise ship</folder>
	<filename>cruise-liner-venice-cruise-liner-ship-tr-2157737.jpg</filename>
	<path>C:\Users\51-9302\Desktop\BTRD\BTRD\cruise ship\cruise-liner-venice-cruise-liner-ship-tr-2157737.jpg</path>
	<source>
		<database>Unknown</database>
	</source>
	<size>
		<width>1280</width>
		<height>959</height>
		<depth>3</depth>
	</size>
	<segmented>0</segmented>
	<object>
		<name>cruiseship</name>
		<pose>Unspecified</pose>
		<truncated>0</truncated>
		<difficult>0</difficult>
		<bndbox>
			<xmin>41</xmin>
			<ymin>231</ymin>
			<xmax>1246</xmax>
			<ymax>647</ymax>
		</bndbox>
	</object>
</annotation>
