<annotation>
	<folder>cruise ship</folder>
	<filename>cruise-ship-boat-ship-ms-queen-victoria--334846.jpg</filename>
	<path>C:\Users\51-9302\Desktop\BTRD\BTRD\cruise ship\cruise-ship-boat-ship-ms-queen-victoria--334846.jpg</path>
	<source>
		<database>Unknown</database>
	</source>
	<size>
		<width>1280</width>
		<height>853</height>
		<depth>3</depth>
	</size>
	<segmented>0</segmented>
	<object>
		<name>cruiseship</name>
		<pose>Unspecified</pose>
		<truncated>0</truncated>
		<difficult>0</difficult>
		<bndbox>
			<xmin>498</xmin>
			<ymin>18</ymin>
			<xmax>1276</xmax>
			<ymax>730</ymax>
		</bndbox>
	</object>
</annotation>
