<annotation>
	<folder>cruise ship</folder>
	<filename>cruise-north-america-passenger-ship-1267024.jpg</filename>
	<path>C:\Users\51-9302\Desktop\BTRD\BTRD\cruise ship\cruise-north-america-passenger-ship-1267024.jpg</path>
	<source>
		<database>Unknown</database>
	</source>
	<size>
		<width>1280</width>
		<height>818</height>
		<depth>3</depth>
	</size>
	<segmented>0</segmented>
	<object>
		<name>cruiseship</name>
		<pose>Unspecified</pose>
		<truncated>0</truncated>
		<difficult>0</difficult>
		<bndbox>
			<xmin>104</xmin>
			<ymin>156</ymin>
			<xmax>1190</xmax>
			<ymax>628</ymax>
		</bndbox>
	</object>
</annotation>
