<annotation>
	<folder>cruise ship</folder>
	<filename>cruise-ship-cruise-sea-ocean-travel-vaca-336032.jpg</filename>
	<path>C:\Users\51-9302\Desktop\BTRD\BTRD\cruise ship\cruise-ship-cruise-sea-ocean-travel-vaca-336032.jpg</path>
	<source>
		<database>Unknown</database>
	</source>
	<size>
		<width>1280</width>
		<height>960</height>
		<depth>3</depth>
	</size>
	<segmented>0</segmented>
	<object>
		<name>cruiseship</name>
		<pose>Unspecified</pose>
		<truncated>0</truncated>
		<difficult>0</difficult>
		<bndbox>
			<xmin>88</xmin>
			<ymin>390</ymin>
			<xmax>1193</xmax>
			<ymax>604</ymax>
		</bndbox>
	</object>
</annotation>
