<annotation>
	<folder>cruise ship</folder>
	<filename>cruise-ship-navy-ocean-vacations-3616353.jpg</filename>
	<path>C:\Users\51-9302\Desktop\BTRD\BTRD\cruise ship\cruise-ship-navy-ocean-vacations-3616353.jpg</path>
	<source>
		<database>Unknown</database>
	</source>
	<size>
		<width>1280</width>
		<height>839</height>
		<depth>3</depth>
	</size>
	<segmented>0</segmented>
	<object>
		<name>cruiseship</name>
		<pose>Unspecified</pose>
		<truncated>0</truncated>
		<difficult>0</difficult>
		<bndbox>
			<xmin>50</xmin>
			<ymin>56</ymin>
			<xmax>1209</xmax>
			<ymax>565</ymax>
		</bndbox>
	</object>
</annotation>
