<annotation>
	<folder>cruise ship</folder>
	<filename>cruise-ship-disney-cruise-line-private-i-615116.jpg</filename>
	<path>C:\Users\51-9302\Desktop\BTRD\BTRD\cruise ship\cruise-ship-disney-cruise-line-private-i-615116.jpg</path>
	<source>
		<database>Unknown</database>
	</source>
	<size>
		<width>1280</width>
		<height>714</height>
		<depth>3</depth>
	</size>
	<segmented>0</segmented>
	<object>
		<name>cruiseship</name>
		<pose>Unspecified</pose>
		<truncated>0</truncated>
		<difficult>0</difficult>
		<bndbox>
			<xmin>172</xmin>
			<ymin>168</ymin>
			<xmax>1100</xmax>
			<ymax>469</ymax>
		</bndbox>
	</object>
</annotation>
