<annotation>
	<folder>cruise ship</folder>
	<filename>cruise-ship-sea-clouds-caribbean-vacatio-1330416.jpg</filename>
	<path>C:\Users\51-9302\Desktop\BTRD\BTRD\cruise ship\cruise-ship-sea-clouds-caribbean-vacatio-1330416.jpg</path>
	<source>
		<database>Unknown</database>
	</source>
	<size>
		<width>1280</width>
		<height>610</height>
		<depth>3</depth>
	</size>
	<segmented>0</segmented>
	<object>
		<name>cruiseship</name>
		<pose>Unspecified</pose>
		<truncated>0</truncated>
		<difficult>0</difficult>
		<bndbox>
			<xmin>9</xmin>
			<ymin>308</ymin>
			<xmax>1021</xmax>
			<ymax>512</ymax>
		</bndbox>
	</object>
</annotation>
