<annotation>
	<folder>cruise ship</folder>
	<filename>cruise-ship-mariner-of-the-seas-ship-roy-535814.jpg</filename>
	<path>C:\Users\51-9302\Desktop\BTRD\BTRD\cruise ship\cruise-ship-mariner-of-the-seas-ship-roy-535814.jpg</path>
	<source>
		<database>Unknown</database>
	</source>
	<size>
		<width>1280</width>
		<height>762</height>
		<depth>3</depth>
	</size>
	<segmented>0</segmented>
	<object>
		<name>cruiseship</name>
		<pose>Unspecified</pose>
		<truncated>0</truncated>
		<difficult>0</difficult>
		<bndbox>
			<xmin>93</xmin>
			<ymin>193</ymin>
			<xmax>1211</xmax>
			<ymax>657</ymax>
		</bndbox>
	</object>
</annotation>
