<annotation>
	<folder>cruise ship</folder>
	<filename>cruise-ships-port-dock-cruising-339329.jpg</filename>
	<path>C:\Users\51-9302\Desktop\BTRD\BTRD\cruise ship\cruise-ships-port-dock-cruising-339329.jpg</path>
	<source>
		<database>Unknown</database>
	</source>
	<size>
		<width>1280</width>
		<height>960</height>
		<depth>3</depth>
	</size>
	<segmented>0</segmented>
	<object>
		<name>cruiseship</name>
		<pose>Unspecified</pose>
		<truncated>0</truncated>
		<difficult>0</difficult>
		<bndbox>
			<xmin>651</xmin>
			<ymin>248</ymin>
			<xmax>861</xmax>
			<ymax>386</ymax>
		</bndbox>
	</object>
	<object>
		<name>cruiseship</name>
		<pose>Unspecified</pose>
		<truncated>0</truncated>
		<difficult>0</difficult>
		<bndbox>
			<xmin>1081</xmin>
			<ymin>218</ymin>
			<xmax>1221</xmax>
			<ymax>431</ymax>
		</bndbox>
	</object>
</annotation>
