<annotation>
	<folder>cruise ship</folder>
	<filename>cruise-ship-costa-deliziosa-cruise-ship--1655058.jpg</filename>
	<path>C:\Users\51-9302\Desktop\BTRD\BTRD\cruise ship\cruise-ship-costa-deliziosa-cruise-ship--1655058.jpg</path>
	<source>
		<database>Unknown</database>
	</source>
	<size>
		<width>1280</width>
		<height>719</height>
		<depth>3</depth>
	</size>
	<segmented>0</segmented>
	<object>
		<name>cruiseship</name>
		<pose>Unspecified</pose>
		<truncated>0</truncated>
		<difficult>0</difficult>
		<bndbox>
			<xmin>556</xmin>
			<ymin>512</ymin>
			<xmax>1062</xmax>
			<ymax>668</ymax>
		</bndbox>
	</object>
</annotation>
