<annotation>
	<folder>sailboat</folder>
	<filename>cruise-ship-traditional-sea-horizon-2266719.jpg</filename>
	<path>C:\Users\51-9302\Desktop\BTRD\BTRD\sailboat\cruise-ship-traditional-sea-horizon-2266719.jpg</path>
	<source>
		<database>Unknown</database>
	</source>
	<size>
		<width>1280</width>
		<height>577</height>
		<depth>3</depth>
	</size>
	<segmented>0</segmented>
	<object>
		<name>sailboat</name>
		<pose>Unspecified</pose>
		<truncated>0</truncated>
		<difficult>0</difficult>
		<bndbox>
			<xmin>438</xmin>
			<ymin>191</ymin>
			<xmax>623</xmax>
			<ymax>329</ymax>
		</bndbox>
	</object>
</annotation>
