<annotation>
	<folder>cruise ship</folder>
	<filename>cruise-ship-ship-shipping-cruise-port-tr-1875397.jpg</filename>
	<path>C:\Users\51-9302\Desktop\BTRD\BTRD\cruise ship\cruise-ship-ship-shipping-cruise-port-tr-1875397.jpg</path>
	<source>
		<database>Unknown</database>
	</source>
	<size>
		<width>1280</width>
		<height>526</height>
		<depth>3</depth>
	</size>
	<segmented>0</segmented>
	<object>
		<name>cruiseship</name>
		<pose>Unspecified</pose>
		<truncated>0</truncated>
		<difficult>0</difficult>
		<bndbox>
			<xmin>284</xmin>
			<ymin>36</ymin>
			<xmax>1035</xmax>
			<ymax>514</ymax>
		</bndbox>
	</object>
</annotation>
