<annotation>
	<folder>cruise ship</folder>
	<filename>cruise-cruise-ship-vacations-sea-port-sh-823668.jpg</filename>
	<path>C:\Users\51-9302\Desktop\BTRD\BTRD\cruise ship\cruise-cruise-ship-vacations-sea-port-sh-823668.jpg</path>
	<source>
		<database>Unknown</database>
	</source>
	<size>
		<width>1280</width>
		<height>853</height>
		<depth>3</depth>
	</size>
	<segmented>0</segmented>
	<object>
		<name>cruiseship</name>
		<pose>Unspecified</pose>
		<truncated>0</truncated>
		<difficult>0</difficult>
		<bndbox>
			<xmin>70</xmin>
			<ymin>76</ymin>
			<xmax>1032</xmax>
			<ymax>558</ymax>
		</bndbox>
	</object>
</annotation>
