<annotation>
	<folder>cruise ship</folder>
	<filename>crusaders-bay-cannes-cte-d---azur-1557099.jpg</filename>
	<path>C:\Users\51-9302\Desktop\BTRD\BTRD\cruise ship\crusaders-bay-cannes-cte-d---azur-1557099.jpg</path>
	<source>
		<database>Unknown</database>
	</source>
	<size>
		<width>1280</width>
		<height>806</height>
		<depth>3</depth>
	</size>
	<segmented>0</segmented>
	<object>
		<name>cruiseship</name>
		<pose>Unspecified</pose>
		<truncated>0</truncated>
		<difficult>0</difficult>
		<bndbox>
			<xmin>510</xmin>
			<ymin>304</ymin>
			<xmax>1218</xmax>
			<ymax>515</ymax>
		</bndbox>
	</object>
	<object>
		<name>cruiseship</name>
		<pose>Unspecified</pose>
		<truncated>0</truncated>
		<difficult>0</difficult>
		<bndbox>
			<xmin>352</xmin>
			<ymin>269</ymin>
			<xmax>598</xmax>
			<ymax>487</ymax>
		</bndbox>
	</object>
</annotation>
