<annotation>
	<folder>freight boat</folder>
	<filename>danube-austria-river-river-cruise-3522075.jpg</filename>
	<path>C:\Users\51-9302\Desktop\BTRD\BTRD\freight boat\danube-austria-river-river-cruise-3522075.jpg</path>
	<source>
		<database>Unknown</database>
	</source>
	<size>
		<width>1280</width>
		<height>853</height>
		<depth>3</depth>
	</size>
	<segmented>0</segmented>
	<object>
		<name>freightboat</name>
		<pose>Unspecified</pose>
		<truncated>0</truncated>
		<difficult>0</difficult>
		<bndbox>
			<xmin>179</xmin>
			<ymin>298</ymin>
			<xmax>1129</xmax>
			<ymax>415</ymax>
		</bndbox>
	</object>
</annotation>
