<annotation>
	<folder>sailboat</folder>
	<filename>darling-harbour-sydney-australia-skyline-318508.jpg</filename>
	<path>C:\Users\51-9302\Desktop\BTRD\BTRD\sailboat\darling-harbour-sydney-australia-skyline-318508.jpg</path>
	<source>
		<database>Unknown</database>
	</source>
	<size>
		<width>1280</width>
		<height>854</height>
		<depth>3</depth>
	</size>
	<segmented>0</segmented>
	<object>
		<name>sailboat</name>
		<pose>Unspecified</pose>
		<truncated>0</truncated>
		<difficult>0</difficult>
		<bndbox>
			<xmin>492</xmin>
			<ymin>111</ymin>
			<xmax>1027</xmax>
			<ymax>679</ymax>
		</bndbox>
	</object>
</annotation>
