<annotation>
	<folder>sailboat</folder>
	<filename>dawn-papierschiff-ship-sea-sunset-3361172.jpg</filename>
	<path>C:\Users\51-9302\Desktop\BTRD\BTRD\sailboat\dawn-papierschiff-ship-sea-sunset-3361172.jpg</path>
	<source>
		<database>Unknown</database>
	</source>
	<size>
		<width>562</width>
		<height>765</height>
		<depth>3</depth>
	</size>
	<segmented>0</segmented>
	<object>
		<name>sailboat</name>
		<pose>Unspecified</pose>
		<truncated>0</truncated>
		<difficult>0</difficult>
		<bndbox>
			<xmin>116</xmin>
			<ymin>111</ymin>
			<xmax>467</xmax>
			<ymax>415</ymax>
		</bndbox>
	</object>
</annotation>
