<annotation>
	<folder>cruise ship</folder>
	<filename>denmark-hornbck-sea-beach-sand-3616613.jpg</filename>
	<path>C:\Users\51-9302\Desktop\BTRD\BTRD\cruise ship\denmark-hornbck-sea-beach-sand-3616613.jpg</path>
	<source>
		<database>Unknown</database>
	</source>
	<size>
		<width>1280</width>
		<height>853</height>
		<depth>3</depth>
	</size>
	<segmented>0</segmented>
	<object>
		<name>cruiseship</name>
		<pose>Unspecified</pose>
		<truncated>0</truncated>
		<difficult>0</difficult>
		<bndbox>
			<xmin>379</xmin>
			<ymin>501</ymin>
			<xmax>628</xmax>
			<ymax>569</ymax>
		</bndbox>
	</object>
</annotation>
