<annotation>
	<folder>sailboat</folder>
	<filename>denmark-sky-clouds-sunset-dusk-boats-shi-1823993.jpg</filename>
	<path>C:\Users\51-9302\Desktop\BTRD\BTRD\sailboat\denmark-sky-clouds-sunset-dusk-boats-shi-1823993.jpg</path>
	<source>
		<database>Unknown</database>
	</source>
	<size>
		<width>1280</width>
		<height>853</height>
		<depth>3</depth>
	</size>
	<segmented>0</segmented>
	<object>
		<name>sailboat</name>
		<pose>Unspecified</pose>
		<truncated>0</truncated>
		<difficult>0</difficult>
		<bndbox>
			<xmin>640</xmin>
			<ymin>296</ymin>
			<xmax>735</xmax>
			<ymax>474</ymax>
		</bndbox>
	</object>
	<object>
		<name>sailboat</name>
		<pose>Unspecified</pose>
		<truncated>0</truncated>
		<difficult>0</difficult>
		<bndbox>
			<xmin>941</xmin>
			<ymin>338</ymin>
			<xmax>998</xmax>
			<ymax>458</ymax>
		</bndbox>
	</object>
	<object>
		<name>sailboat</name>
		<pose>Unspecified</pose>
		<truncated>0</truncated>
		<difficult>0</difficult>
		<bndbox>
			<xmin>1017</xmin>
			<ymin>355</ymin>
			<xmax>1074</xmax>
			<ymax>455</ymax>
		</bndbox>
	</object>
	<object>
		<name>sailboat</name>
		<pose>Unspecified</pose>
		<truncated>0</truncated>
		<difficult>0</difficult>
		<bndbox>
			<xmin>443</xmin>
			<ymin>323</ymin>
			<xmax>519</xmax>
			<ymax>476</ymax>
		</bndbox>
	</object>
	<object>
		<name>sailboat</name>
		<pose>Unspecified</pose>
		<truncated>0</truncated>
		<difficult>0</difficult>
		<bndbox>
			<xmin>538</xmin>
			<ymin>324</ymin>
			<xmax>618</xmax>
			<ymax>479</ymax>
		</bndbox>
	</object>
	<object>
		<name>sailboat</name>
		<pose>Unspecified</pose>
		<truncated>0</truncated>
		<difficult>0</difficult>
		<bndbox>
			<xmin>340</xmin>
			<ymin>355</ymin>
			<xmax>420</xmax>
			<ymax>478</ymax>
		</bndbox>
	</object>
</annotation>
