<annotation>
	<folder>kayak</folder>
	<filename>des-moines-lake-kayak-iowa-des-2652691.jpg</filename>
	<path>C:\Users\51-9302\Desktop\BTRD\BTRD\kayak\des-moines-lake-kayak-iowa-des-2652691.jpg</path>
	<source>
		<database>Unknown</database>
	</source>
	<size>
		<width>1280</width>
		<height>853</height>
		<depth>3</depth>
	</size>
	<segmented>0</segmented>
	<object>
		<name>kayak</name>
		<pose>Unspecified</pose>
		<truncated>0</truncated>
		<difficult>0</difficult>
		<bndbox>
			<xmin>508</xmin>
			<ymin>685</ymin>
			<xmax>622</xmax>
			<ymax>744</ymax>
		</bndbox>
	</object>
</annotation>
