<annotation>
	<folder>freight boat</folder>
	<filename>dock-ship-container-port-boat-vessel-sea-1277744.jpg</filename>
	<path>C:\Users\51-9302\Desktop\BTRD\BTRD\freight boat\dock-ship-container-port-boat-vessel-sea-1277744.jpg</path>
	<source>
		<database>Unknown</database>
	</source>
	<size>
		<width>1280</width>
		<height>1029</height>
		<depth>3</depth>
	</size>
	<segmented>0</segmented>
	<object>
		<name>freightboat</name>
		<pose>Unspecified</pose>
		<truncated>0</truncated>
		<difficult>0</difficult>
		<bndbox>
			<xmin>359</xmin>
			<ymin>360</ymin>
			<xmax>722</xmax>
			<ymax>687</ymax>
		</bndbox>
	</object>
</annotation>
