<annotation>
	<folder>kayak</folder>
	<filename>duck-sitting-floats-kayak-seat-3601384.jpg</filename>
	<path>C:\Users\51-9302\Desktop\BTRD\BTRD\kayak\duck-sitting-floats-kayak-seat-3601384.jpg</path>
	<source>
		<database>Unknown</database>
	</source>
	<size>
		<width>1280</width>
		<height>720</height>
		<depth>3</depth>
	</size>
	<segmented>0</segmented>
	<object>
		<name>kayak</name>
		<pose>Unspecified</pose>
		<truncated>0</truncated>
		<difficult>0</difficult>
		<bndbox>
			<xmin>53</xmin>
			<ymin>321</ymin>
			<xmax>643</xmax>
			<ymax>392</ymax>
		</bndbox>
	</object>
</annotation>
