<annotation>
	<folder>gondola</folder>
	<filename>duisburg-landscape-park-2703550.jpg</filename>
	<path>C:\Users\51-9302\Desktop\BTRD\BTRD\gondola\duisburg-landscape-park-2703550.jpg</path>
	<source>
		<database>Unknown</database>
	</source>
	<size>
		<width>1280</width>
		<height>886</height>
		<depth>3</depth>
	</size>
	<segmented>0</segmented>
	<object>
		<name>gondola</name>
		<pose>Unspecified</pose>
		<truncated>0</truncated>
		<difficult>0</difficult>
		<bndbox>
			<xmin>382</xmin>
			<ymin>537</ymin>
			<xmax>1232</xmax>
			<ymax>876</ymax>
		</bndbox>
	</object>
</annotation>
