<annotation>
	<folder>gondola</folder>
	<filename>eat-ice-cream-gondola-dessert-isolated-s-2227140.jpg</filename>
	<path>C:\Users\51-9302\Desktop\BTRD\BTRD\gondola\eat-ice-cream-gondola-dessert-isolated-s-2227140.jpg</path>
	<source>
		<database>Unknown</database>
	</source>
	<size>
		<width>1280</width>
		<height>918</height>
		<depth>3</depth>
	</size>
	<segmented>0</segmented>
	<object>
		<name>gondola</name>
		<pose>Unspecified</pose>
		<truncated>0</truncated>
		<difficult>0</difficult>
		<bndbox>
			<xmin>68</xmin>
			<ymin>362</ymin>
			<xmax>1168</xmax>
			<ymax>726</ymax>
		</bndbox>
	</object>
</annotation>
