<annotation>
	<folder>gondola</folder>
	<filename>eat-food-ice-ice-cream-3691222.jpg</filename>
	<path>C:\Users\51-9302\Desktop\BTRD\BTRD\gondola\eat-food-ice-ice-cream-3691222.jpg</path>
	<source>
		<database>Unknown</database>
	</source>
	<size>
		<width>1280</width>
		<height>960</height>
		<depth>3</depth>
	</size>
	<segmented>0</segmented>
	<object>
		<name>gondola</name>
		<pose>Unspecified</pose>
		<truncated>0</truncated>
		<difficult>0</difficult>
		<bndbox>
			<xmin>146</xmin>
			<ymin>230</ymin>
			<xmax>1046</xmax>
			<ymax>713</ymax>
		</bndbox>
	</object>
</annotation>
