<annotation>
	<folder>sailboat</folder>
	<filename>emotions-nature-rest-sailing-boat-3658967.jpg</filename>
	<path>C:\Users\51-9302\Desktop\BTRD\BTRD\sailboat\emotions-nature-rest-sailing-boat-3658967.jpg</path>
	<source>
		<database>Unknown</database>
	</source>
	<size>
		<width>1280</width>
		<height>640</height>
		<depth>3</depth>
	</size>
	<segmented>0</segmented>
	<object>
		<name>sailboat</name>
		<pose>Unspecified</pose>
		<truncated>0</truncated>
		<difficult>0</difficult>
		<bndbox>
			<xmin>220</xmin>
			<ymin>166</ymin>
			<xmax>433</xmax>
			<ymax>450</ymax>
		</bndbox>
	</object>
</annotation>
