<annotation>
	<folder>gondola</folder>
	<filename>emotions-travel-holidays-italy-3490223.jpg</filename>
	<path>C:\Users\51-9302\Desktop\BTRD\BTRD\gondola\emotions-travel-holidays-italy-3490223.jpg</path>
	<source>
		<database>Unknown</database>
	</source>
	<size>
		<width>1280</width>
		<height>853</height>
		<depth>3</depth>
	</size>
	<segmented>0</segmented>
	<object>
		<name>gondola</name>
		<pose>Unspecified</pose>
		<truncated>0</truncated>
		<difficult>0</difficult>
		<bndbox>
			<xmin>226</xmin>
			<ymin>341</ymin>
			<xmax>1089</xmax>
			<ymax>683</ymax>
		</bndbox>
	</object>
</annotation>
