<annotation>
	<folder>paper boat</folder>
	<filename>euro-ship-money-sailboat-origami-map-fin-1605659.jpg</filename>
	<path>C:\Users\51-9302\Desktop\BTRD\BTRD\paper boat\euro-ship-money-sailboat-origami-map-fin-1605659.jpg</path>
	<source>
		<database>Unknown</database>
	</source>
	<size>
		<width>1280</width>
		<height>918</height>
		<depth>3</depth>
	</size>
	<segmented>0</segmented>
	<object>
		<name>paperboat</name>
		<pose>Unspecified</pose>
		<truncated>0</truncated>
		<difficult>0</difficult>
		<bndbox>
			<xmin>54</xmin>
			<ymin>238</ymin>
			<xmax>1202</xmax>
			<ymax>754</ymax>
		</bndbox>
	</object>
</annotation>
