<annotation>
	<folder>sailboat</folder>
	<filename>europa-sailboat-fs-senator-brockes-1185800.jpg</filename>
	<path>C:\Users\51-9302\Desktop\BTRD\BTRD\sailboat\europa-sailboat-fs-senator-brockes-1185800.jpg</path>
	<source>
		<database>Unknown</database>
	</source>
	<size>
		<width>1280</width>
		<height>960</height>
		<depth>3</depth>
	</size>
	<segmented>0</segmented>
	<object>
		<name>sailboat</name>
		<pose>Unspecified</pose>
		<truncated>0</truncated>
		<difficult>0</difficult>
		<bndbox>
			<xmin>183</xmin>
			<ymin>78</ymin>
			<xmax>1070</xmax>
			<ymax>777</ymax>
		</bndbox>
	</object>
</annotation>
