<annotation>
	<folder>sailboat</folder>
	<filename>evening-lake-water-sailing-boat-3793471.jpg</filename>
	<path>C:\Users\51-9302\Desktop\BTRD\BTRD\sailboat\evening-lake-water-sailing-boat-3793471.jpg</path>
	<source>
		<database>Unknown</database>
	</source>
	<size>
		<width>1280</width>
		<height>853</height>
		<depth>3</depth>
	</size>
	<segmented>0</segmented>
	<object>
		<name>sailboat</name>
		<pose>Unspecified</pose>
		<truncated>0</truncated>
		<difficult>0</difficult>
		<bndbox>
			<xmin>969</xmin>
			<ymin>428</ymin>
			<xmax>1012</xmax>
			<ymax>548</ymax>
		</bndbox>
	</object>
</annotation>
