<annotation>
	<folder>gondola</folder>
	<filename>evening-venice-gondola-tourists-3172877.jpg</filename>
	<path>C:\Users\51-9302\Desktop\BTRD\BTRD\gondola\evening-venice-gondola-tourists-3172877.jpg</path>
	<source>
		<database>Unknown</database>
	</source>
	<size>
		<width>920</width>
		<height>1280</height>
		<depth>3</depth>
	</size>
	<segmented>0</segmented>
	<object>
		<name>gondola</name>
		<pose>Unspecified</pose>
		<truncated>0</truncated>
		<difficult>0</difficult>
		<bndbox>
			<xmin>419</xmin>
			<ymin>1062</ymin>
			<xmax>567</xmax>
			<ymax>1173</ymax>
		</bndbox>
	</object>
</annotation>
