<annotation>
	<folder>ferry boat</folder>
	<filename>ferry-ship-boat-water-sea-river-3418296.jpg</filename>
	<path>C:\Users\51-9302\Desktop\BTRD\BTRD\ferry boat\ferry-ship-boat-water-sea-river-3418296.jpg</path>
	<source>
		<database>Unknown</database>
	</source>
	<size>
		<width>1280</width>
		<height>853</height>
		<depth>3</depth>
	</size>
	<segmented>0</segmented>
	<object>
		<name>cruiseship</name>
		<pose>Unspecified</pose>
		<truncated>0</truncated>
		<difficult>0</difficult>
		<bndbox>
			<xmin>87</xmin>
			<ymin>227</ymin>
			<xmax>1047</xmax>
			<ymax>554</ymax>
		</bndbox>
	</object>
</annotation>
