<annotation>
	<folder>ferry boat</folder>
	<filename>ferry-catamaran-ship-boat-ocean-982825.jpg</filename>
	<path>C:\Users\51-9302\Desktop\BTRD\BTRD\ferry boat\ferry-catamaran-ship-boat-ocean-982825.jpg</path>
	<source>
		<database>Unknown</database>
	</source>
	<size>
		<width>1280</width>
		<height>882</height>
		<depth>3</depth>
	</size>
	<segmented>0</segmented>
	<object>
		<name>cruiseship</name>
		<pose>Unspecified</pose>
		<truncated>0</truncated>
		<difficult>0</difficult>
		<bndbox>
			<xmin>52</xmin>
			<ymin>242</ymin>
			<xmax>1279</xmax>
			<ymax>666</ymax>
		</bndbox>
	</object>
</annotation>
