<annotation verified="yes">
	<folder>ferry boat</folder>
	<filename>ferryboat-ferry-boat-symbol-ship-journey-303660.jpg</filename>
	<path>C:\Users\51-9302\Desktop\BTRD\BTRD\ferry boat\ferryboat-ferry-boat-symbol-ship-journey-303660.jpg</path>
	<source>
		<database>Unknown</database>
	</source>
	<size>
		<width>1280</width>
		<height>872</height>
		<depth>1</depth>
	</size>
	<segmented>0</segmented>
	<object>
		<name>cruiseship</name>
		<pose>Unspecified</pose>
		<truncated>1</truncated>
		<difficult>0</difficult>
		<bndbox>
			<xmin>1</xmin>
			<ymin>3</ymin>
			<xmax>1231</xmax>
			<ymax>681</ymax>
		</bndbox>
	</object>
</annotation>
