<annotation>
	<folder>ferry boat</folder>
	<filename>ferry-boat-sea-ship-blue-ferry-ferry-fer-157517.jpg</filename>
	<path>C:\Users\51-9302\Desktop\BTRD\BTRD\ferry boat\ferry-boat-sea-ship-blue-ferry-ferry-fer-157517.jpg</path>
	<source>
		<database>Unknown</database>
	</source>
	<size>
		<width>1280</width>
		<height>640</height>
		<depth>3</depth>
	</size>
	<segmented>0</segmented>
	<object>
		<name>ferryboat</name>
		<pose>Unspecified</pose>
		<truncated>1</truncated>
		<difficult>0</difficult>
		<bndbox>
			<xmin>57</xmin>
			<ymin>105</ymin>
			<xmax>1280</xmax>
			<ymax>543</ymax>
		</bndbox>
	</object>
</annotation>
