<annotation>
	<folder>ferry boat</folder>
	<filename>ferry-ship-boat-car-ferry-gierseilffre--1609682.jpg</filename>
	<path>C:\Users\51-9302\Desktop\BTRD\BTRD\ferry boat\ferry-ship-boat-car-ferry-gierseilffre--1609682.jpg</path>
	<source>
		<database>Unknown</database>
	</source>
	<size>
		<width>1280</width>
		<height>720</height>
		<depth>3</depth>
	</size>
	<segmented>0</segmented>
	<object>
		<name>ferryboat</name>
		<pose>Unspecified</pose>
		<truncated>0</truncated>
		<difficult>0</difficult>
		<bndbox>
			<xmin>339</xmin>
			<ymin>93</ymin>
			<xmax>938</xmax>
			<ymax>593</ymax>
		</bndbox>
	</object>
</annotation>
