<annotation>
	<folder>ferry boat</folder>
	<filename>ferry-lake-constance-car-ferry-ship-2440952.jpg</filename>
	<path>C:\Users\51-9302\Desktop\BTRD\BTRD\ferry boat\ferry-lake-constance-car-ferry-ship-2440952.jpg</path>
	<source>
		<database>Unknown</database>
	</source>
	<size>
		<width>1280</width>
		<height>853</height>
		<depth>3</depth>
	</size>
	<segmented>0</segmented>
	<object>
		<name>cruiseship</name>
		<pose>Unspecified</pose>
		<truncated>0</truncated>
		<difficult>0</difficult>
		<bndbox>
			<xmin>17</xmin>
			<ymin>324</ymin>
			<xmax>1107</xmax>
			<ymax>630</ymax>
		</bndbox>
	</object>
</annotation>
