<annotation>
	<folder>ferry boat</folder>
	<filename>ferry-north-sea-ferry-terminal-401838.jpg</filename>
	<path>C:\Users\51-9302\Desktop\BTRD\BTRD\ferry boat\ferry-north-sea-ferry-terminal-401838.jpg</path>
	<source>
		<database>Unknown</database>
	</source>
	<size>
		<width>1280</width>
		<height>853</height>
		<depth>3</depth>
	</size>
	<segmented>0</segmented>
	<object>
		<name>cruiseship</name>
		<pose>Unspecified</pose>
		<truncated>0</truncated>
		<difficult>0</difficult>
		<bndbox>
			<xmin>169</xmin>
			<ymin>181</ymin>
			<xmax>471</xmax>
			<ymax>524</ymax>
		</bndbox>
	</object>
</annotation>
