<annotation>
	<folder>ferry boat</folder>
	<filename>ferries-shipping-transport-cross-53122.jpg</filename>
	<path>C:\Users\51-9302\Desktop\BTRD\BTRD\ferry boat\ferries-shipping-transport-cross-53122.jpg</path>
	<source>
		<database>Unknown</database>
	</source>
	<size>
		<width>1280</width>
		<height>960</height>
		<depth>3</depth>
	</size>
	<segmented>0</segmented>
	<object>
		<name>ferryboat</name>
		<pose>Unspecified</pose>
		<truncated>0</truncated>
		<difficult>0</difficult>
		<bndbox>
			<xmin>252</xmin>
			<ymin>433</ymin>
			<xmax>487</xmax>
			<ymax>507</ymax>
		</bndbox>
	</object>
	<object>
		<name>ferryboat</name>
		<pose>Unspecified</pose>
		<truncated>0</truncated>
		<difficult>0</difficult>
		<bndbox>
			<xmin>806</xmin>
			<ymin>427</ymin>
			<xmax>1046</xmax>
			<ymax>504</ymax>
		</bndbox>
	</object>
</annotation>
