<annotation>
	<folder>ferry boat</folder>
	<filename>ferry-cruise-swim-lake-bodensee-3601612.jpg</filename>
	<path>C:\Users\51-9302\Desktop\BTRD\BTRD\ferry boat\ferry-cruise-swim-lake-bodensee-3601612.jpg</path>
	<source>
		<database>Unknown</database>
	</source>
	<size>
		<width>1280</width>
		<height>853</height>
		<depth>3</depth>
	</size>
	<segmented>0</segmented>
	<object>
		<name>ferryboat</name>
		<pose>Unspecified</pose>
		<truncated>0</truncated>
		<difficult>0</difficult>
		<bndbox>
			<xmin>548</xmin>
			<ymin>118</ymin>
			<xmax>983</xmax>
			<ymax>682</ymax>
		</bndbox>
	</object>
</annotation>
