<annotation>
	<folder>ferry boat</folder>
	<filename>ferry-boat-ship-water-port-lake-3598776.jpg</filename>
	<path>C:\Users\51-9302\Desktop\BTRD\BTRD\ferry boat\ferry-boat-ship-water-port-lake-3598776.jpg</path>
	<source>
		<database>Unknown</database>
	</source>
	<size>
		<width>1280</width>
		<height>854</height>
		<depth>3</depth>
	</size>
	<segmented>0</segmented>
	<object>
		<name>ferryboat</name>
		<pose>Unspecified</pose>
		<truncated>0</truncated>
		<difficult>0</difficult>
		<bndbox>
			<xmin>89</xmin>
			<ymin>96</ymin>
			<xmax>1019</xmax>
			<ymax>743</ymax>
		</bndbox>
	</object>
</annotation>
