<annotation>
	<folder>ferry boat</folder>
	<filename>ferry-boat-transportation-ship-water-tra-1956735.jpg</filename>
	<path>C:\Users\51-9302\Desktop\BTRD\BTRD\ferry boat\ferry-boat-transportation-ship-water-tra-1956735.jpg</path>
	<source>
		<database>Unknown</database>
	</source>
	<size>
		<width>1280</width>
		<height>720</height>
		<depth>3</depth>
	</size>
	<segmented>0</segmented>
	<object>
		<name>cruiseship</name>
		<pose>Unspecified</pose>
		<truncated>0</truncated>
		<difficult>0</difficult>
		<bndbox>
			<xmin>237</xmin>
			<ymin>313</ymin>
			<xmax>1062</xmax>
			<ymax>536</ymax>
		</bndbox>
	</object>
</annotation>
