<annotation>
	<folder>ferry boat</folder>
	<filename>ferry-boat-watercraft-ship-ferryboat-sea-99054.jpg</filename>
	<path>C:\Users\51-9302\Desktop\BTRD\BTRD\ferry boat\ferry-boat-watercraft-ship-ferryboat-sea-99054.jpg</path>
	<source>
		<database>Unknown</database>
	</source>
	<size>
		<width>1280</width>
		<height>1280</height>
		<depth>1</depth>
	</size>
	<segmented>0</segmented>
	<object>
		<name>cruiseship</name>
		<pose>Unspecified</pose>
		<truncated>0</truncated>
		<difficult>0</difficult>
		<bndbox>
			<xmin>88</xmin>
			<ymin>311</ymin>
			<xmax>1192</xmax>
			<ymax>879</ymax>
		</bndbox>
	</object>
</annotation>
