<annotation>
	<folder>cruise ship</folder>
	<filename>ferry-sunset-puget-sound-fish-cruise-shi-958685.jpg</filename>
	<path>C:\Users\51-9302\Desktop\BTRD\BTRD\cruise ship\ferry-sunset-puget-sound-fish-cruise-shi-958685.jpg</path>
	<source>
		<database>Unknown</database>
	</source>
	<size>
		<width>1280</width>
		<height>956</height>
		<depth>3</depth>
	</size>
	<segmented>0</segmented>
	<object>
		<name>cruiseship</name>
		<pose>Unspecified</pose>
		<truncated>0</truncated>
		<difficult>0</difficult>
		<bndbox>
			<xmin>629</xmin>
			<ymin>505</ymin>
			<xmax>1048</xmax>
			<ymax>604</ymax>
		</bndbox>
	</object>
</annotation>
