<annotation>
	<folder>ferry boat</folder>
	<filename>ferry-dock-transportation-boat-2907174.jpg</filename>
	<path>C:\Users\51-9302\Desktop\BTRD\BTRD\ferry boat\ferry-dock-transportation-boat-2907174.jpg</path>
	<source>
		<database>Unknown</database>
	</source>
	<size>
		<width>1280</width>
		<height>837</height>
		<depth>3</depth>
	</size>
	<segmented>0</segmented>
	<object>
		<name>cruiseship</name>
		<pose>Unspecified</pose>
		<truncated>0</truncated>
		<difficult>0</difficult>
		<bndbox>
			<xmin>37</xmin>
			<ymin>127</ymin>
			<xmax>1038</xmax>
			<ymax>477</ymax>
		</bndbox>
	</object>
</annotation>
