<annotation>
	<folder>ferry boat</folder>
	<filename>ferry-boat-ship-sea-transport-2766582.jpg</filename>
	<path>C:\Users\51-9302\Desktop\BTRD\BTRD\ferry boat\ferry-boat-ship-sea-transport-2766582.jpg</path>
	<source>
		<database>Unknown</database>
	</source>
	<size>
		<width>1280</width>
		<height>853</height>
		<depth>3</depth>
	</size>
	<segmented>0</segmented>
	<object>
		<name>ferryboat</name>
		<pose>Unspecified</pose>
		<truncated>0</truncated>
		<difficult>0</difficult>
		<bndbox>
			<xmin>251</xmin>
			<ymin>339</ymin>
			<xmax>1101</xmax>
			<ymax>627</ymax>
		</bndbox>
	</object>
</annotation>
