<annotation>
	<folder>ferry boat</folder>
	<filename>ferry-boat-boat-transportation-sea-3058297.jpg</filename>
	<path>C:\Users\51-9302\Desktop\BTRD\BTRD\ferry boat\ferry-boat-boat-transportation-sea-3058297.jpg</path>
	<source>
		<database>Unknown</database>
	</source>
	<size>
		<width>1280</width>
		<height>853</height>
		<depth>3</depth>
	</size>
	<segmented>0</segmented>
	<object>
		<name>ferryboat</name>
		<pose>Unspecified</pose>
		<truncated>0</truncated>
		<difficult>0</difficult>
		<bndbox>
			<xmin>414</xmin>
			<ymin>359</ymin>
			<xmax>1000</xmax>
			<ymax>519</ymax>
		</bndbox>
	</object>
</annotation>
