<annotation>
	<folder>ferry boat</folder>
	<filename>ferry-passenger-ship-ship-638153.jpg</filename>
	<path>C:\Users\51-9302\Desktop\BTRD\BTRD\ferry boat\ferry-passenger-ship-ship-638153.jpg</path>
	<source>
		<database>Unknown</database>
	</source>
	<size>
		<width>1280</width>
		<height>854</height>
		<depth>3</depth>
	</size>
	<segmented>0</segmented>
	<object>
		<name>cruiseship</name>
		<pose>Unspecified</pose>
		<truncated>0</truncated>
		<difficult>0</difficult>
		<bndbox>
			<xmin>219</xmin>
			<ymin>303</ymin>
			<xmax>697</xmax>
			<ymax>618</ymax>
		</bndbox>
	</object>
</annotation>
