<annotation>
	<folder>ferry boat</folder>
	<filename>ferry-staten-island-new-york-manhattan-b-799428.jpg</filename>
	<path>C:\Users\51-9302\Desktop\BTRD\BTRD\ferry boat\ferry-staten-island-new-york-manhattan-b-799428.jpg</path>
	<source>
		<database>Unknown</database>
	</source>
	<size>
		<width>1280</width>
		<height>886</height>
		<depth>3</depth>
	</size>
	<segmented>0</segmented>
	<object>
		<name>cruiseship</name>
		<pose>Unspecified</pose>
		<truncated>0</truncated>
		<difficult>0</difficult>
		<bndbox>
			<xmin>200</xmin>
			<ymin>255</ymin>
			<xmax>1038</xmax>
			<ymax>765</ymax>
		</bndbox>
	</object>
</annotation>
