<annotation>
	<folder>ferry boat</folder>
	<filename>ferries-shipping-transport-cross-53121.jpg</filename>
	<path>C:\Users\51-9302\Desktop\BTRD\BTRD\ferry boat\ferries-shipping-transport-cross-53121.jpg</path>
	<source>
		<database>Unknown</database>
	</source>
	<size>
		<width>1280</width>
		<height>960</height>
		<depth>3</depth>
	</size>
	<segmented>0</segmented>
	<object>
		<name>ferryboat</name>
		<pose>Unspecified</pose>
		<truncated>0</truncated>
		<difficult>0</difficult>
		<bndbox>
			<xmin>183</xmin>
			<ymin>382</ymin>
			<xmax>545</xmax>
			<ymax>489</ymax>
		</bndbox>
	</object>
	<object>
		<name>ferryboat</name>
		<pose>Unspecified</pose>
		<truncated>0</truncated>
		<difficult>0</difficult>
		<bndbox>
			<xmin>617</xmin>
			<ymin>391</ymin>
			<xmax>958</xmax>
			<ymax>491</ymax>
		</bndbox>
	</object>
</annotation>
