<annotation>
	<folder>ferry boat</folder>
	<filename>ferry-boat-boat-travel-sea-vessel-2709839.jpg</filename>
	<path>C:\Users\51-9302\Desktop\BTRD\BTRD\ferry boat\ferry-boat-boat-travel-sea-vessel-2709839.jpg</path>
	<source>
		<database>Unknown</database>
	</source>
	<size>
		<width>1280</width>
		<height>719</height>
		<depth>3</depth>
	</size>
	<segmented>0</segmented>
	<object>
		<name>cruiseship</name>
		<pose>Unspecified</pose>
		<truncated>0</truncated>
		<difficult>0</difficult>
		<bndbox>
			<xmin>249</xmin>
			<ymin>260</ymin>
			<xmax>1014</xmax>
			<ymax>467</ymax>
		</bndbox>
	</object>
</annotation>
