<annotation>
	<folder>cruise ship</folder>
	<filename>ferry-boat-ferry-ship-boat-123059.jpg</filename>
	<path>C:\Users\51-9302\Desktop\BTRD\BTRD\cruise ship\ferry-boat-ferry-ship-boat-123059.jpg</path>
	<source>
		<database>Unknown</database>
	</source>
	<size>
		<width>1280</width>
		<height>856</height>
		<depth>3</depth>
	</size>
	<segmented>0</segmented>
	<object>
		<name>cruiseship</name>
		<pose>Unspecified</pose>
		<truncated>0</truncated>
		<difficult>0</difficult>
		<bndbox>
			<xmin>126</xmin>
			<ymin>66</ymin>
			<xmax>1107</xmax>
			<ymax>734</ymax>
		</bndbox>
	</object>
</annotation>
