<annotation>
	<folder>ferry boat</folder>
	<filename>ferry-boat-water-sea-ship-croatia-1648809.jpg</filename>
	<path>C:\Users\51-9302\Desktop\BTRD\BTRD\ferry boat\ferry-boat-water-sea-ship-croatia-1648809.jpg</path>
	<source>
		<database>Unknown</database>
	</source>
	<size>
		<width>1280</width>
		<height>960</height>
		<depth>3</depth>
	</size>
	<segmented>0</segmented>
	<object>
		<name>ferryboat</name>
		<pose>Unspecified</pose>
		<truncated>0</truncated>
		<difficult>0</difficult>
		<bndbox>
			<xmin>522</xmin>
			<ymin>155</ymin>
			<xmax>1080</xmax>
			<ymax>799</ymax>
		</bndbox>
	</object>
</annotation>
