<annotation>
	<folder>ferry boat</folder>
	<filename>ferry-ship-boat-transport-357646.jpg</filename>
	<path>C:\Users\51-9302\Desktop\BTRD\BTRD\ferry boat\ferry-ship-boat-transport-357646.jpg</path>
	<source>
		<database>Unknown</database>
	</source>
	<size>
		<width>1280</width>
		<height>960</height>
		<depth>3</depth>
	</size>
	<segmented>0</segmented>
	<object>
		<name>cruiseship</name>
		<pose>Unspecified</pose>
		<truncated>0</truncated>
		<difficult>0</difficult>
		<bndbox>
			<xmin>150</xmin>
			<ymin>357</ymin>
			<xmax>1073</xmax>
			<ymax>629</ymax>
		</bndbox>
	</object>
</annotation>
