<annotation>
	<folder>ferry boat</folder>
	<filename>ferry-boat-sea-ship-red-ferry-boat-ship--157516.jpg</filename>
	<path>C:\Users\51-9302\Desktop\BTRD\BTRD\ferry boat\ferry-boat-sea-ship-red-ferry-boat-ship--157516.jpg</path>
	<source>
		<database>Unknown</database>
	</source>
	<size>
		<width>1280</width>
		<height>640</height>
		<depth>3</depth>
	</size>
	<segmented>0</segmented>
	<object>
		<name>ferryboat</name>
		<pose>Unspecified</pose>
		<truncated>0</truncated>
		<difficult>0</difficult>
		<bndbox>
			<xmin>15</xmin>
			<ymin>117</ymin>
			<xmax>1225</xmax>
			<ymax>536</ymax>
		</bndbox>
	</object>
</annotation>
