<annotation>
	<folder>ferry boat</folder>
	<filename>ferry-boat-black-sign-symbol-icon-99055.jpg</filename>
	<path>C:\Users\51-9302\Desktop\BTRD\BTRD\ferry boat\ferry-boat-black-sign-symbol-icon-99055.jpg</path>
	<source>
		<database>Unknown</database>
	</source>
	<size>
		<width>1280</width>
		<height>1280</height>
		<depth>1</depth>
	</size>
	<segmented>0</segmented>
	<object>
		<name>cruiseship</name>
		<pose>Unspecified</pose>
		<truncated>0</truncated>
		<difficult>0</difficult>
		<bndbox>
			<xmin>103</xmin>
			<ymin>309</ymin>
			<xmax>1183</xmax>
			<ymax>878</ymax>
		</bndbox>
	</object>
</annotation>
