<annotation>
	<folder>ferry boat</folder>
	<filename>ferry-boats-dock-port-beach-lake-123648.jpg</filename>
	<path>C:\Users\51-9302\Desktop\BTRD\BTRD\ferry boat\ferry-boats-dock-port-beach-lake-123648.jpg</path>
	<source>
		<database>Unknown</database>
	</source>
	<size>
		<width>1280</width>
		<height>960</height>
		<depth>3</depth>
	</size>
	<segmented>0</segmented>
	<object>
		<name>cruiseship</name>
		<pose>Unspecified</pose>
		<truncated>0</truncated>
		<difficult>0</difficult>
		<bndbox>
			<xmin>376</xmin>
			<ymin>270</ymin>
			<xmax>815</xmax>
			<ymax>439</ymax>
		</bndbox>
	</object>
</annotation>
