<annotation>
	<folder>paper boat</folder>
	<filename>figure-watercolor-painting-boy-3363370.jpg</filename>
	<path>C:\Users\51-9302\Desktop\BTRD\BTRD\paper boat\figure-watercolor-painting-boy-3363370.jpg</path>
	<source>
		<database>Unknown</database>
	</source>
	<size>
		<width>309</width>
		<height>352</height>
		<depth>3</depth>
	</size>
	<segmented>0</segmented>
	<object>
		<name>paperboat</name>
		<pose>Unspecified</pose>
		<truncated>0</truncated>
		<difficult>0</difficult>
		<bndbox>
			<xmin>15</xmin>
			<ymin>39</ymin>
			<xmax>242</xmax>
			<ymax>149</ymax>
		</bndbox>
	</object>
</annotation>
