<annotation>
	<folder>kayak</folder>
	<filename>fisherman-angler-fishing-river-angling-k-850453.jpg</filename>
	<path>C:\Users\51-9302\Desktop\BTRD\BTRD\kayak\fisherman-angler-fishing-river-angling-k-850453.jpg</path>
	<source>
		<database>Unknown</database>
	</source>
	<size>
		<width>1280</width>
		<height>853</height>
		<depth>3</depth>
	</size>
	<segmented>0</segmented>
	<object>
		<name>kayak</name>
		<pose>Unspecified</pose>
		<truncated>0</truncated>
		<difficult>0</difficult>
		<bndbox>
			<xmin>216</xmin>
			<ymin>379</ymin>
			<xmax>516</xmax>
			<ymax>670</ymax>
		</bndbox>
	</object>
</annotation>
