<annotation>
	<folder>buoy</folder>
	<filename>fishing-buoy-sunset-water-orange-float-m-590688.jpg</filename>
	<path>C:\Users\51-9302\Desktop\BTRD\buoy\fishing-buoy-sunset-water-orange-float-m-590688.jpg</path>
	<source>
		<database>Unknown</database>
	</source>
	<size>
		<width>1280</width>
		<height>960</height>
		<depth>3</depth>
	</size>
	<segmented>0</segmented>
	<object>
		<name>buoy</name>
		<pose>Unspecified</pose>
		<truncated>0</truncated>
		<difficult>0</difficult>
		<bndbox>
			<xmin>352</xmin>
			<ymin>225</ymin>
			<xmax>623</xmax>
			<ymax>383</ymax>
		</bndbox>
	</object>
</annotation>
