<annotation>
	<folder>sailboat</folder>
	<filename>fiumanka-sailing-race-sailboat-yacht-win-1049747.jpg</filename>
	<path>C:\Users\51-9302\Desktop\BTRD\BTRD\sailboat\fiumanka-sailing-race-sailboat-yacht-win-1049747.jpg</path>
	<source>
		<database>Unknown</database>
	</source>
	<size>
		<width>1280</width>
		<height>960</height>
		<depth>3</depth>
	</size>
	<segmented>0</segmented>
	<object>
		<name>sailboat</name>
		<pose>Unspecified</pose>
		<truncated>1</truncated>
		<difficult>0</difficult>
		<bndbox>
			<xmin>164</xmin>
			<ymin>1</ymin>
			<xmax>830</xmax>
			<ymax>668</ymax>
		</bndbox>
	</object>
	<object>
		<name>sailboat</name>
		<pose>Unspecified</pose>
		<truncated>0</truncated>
		<difficult>0</difficult>
		<bndbox>
			<xmin>865</xmin>
			<ymin>116</ymin>
			<xmax>1218</xmax>
			<ymax>629</ymax>
		</bndbox>
	</object>
</annotation>
