<annotation>
	<folder>cruise ship</folder>
	<filename>fjord-norway-fjordlandschaft-mountains-l-915151.jpg</filename>
	<path>C:\Users\51-9302\Desktop\BTRD\BTRD\cruise ship\fjord-norway-fjordlandschaft-mountains-l-915151.jpg</path>
	<source>
		<database>Unknown</database>
	</source>
	<size>
		<width>1280</width>
		<height>851</height>
		<depth>3</depth>
	</size>
	<segmented>0</segmented>
	<object>
		<name>cruiseship</name>
		<pose>Unspecified</pose>
		<truncated>0</truncated>
		<difficult>0</difficult>
		<bndbox>
			<xmin>533</xmin>
			<ymin>560</ymin>
			<xmax>606</xmax>
			<ymax>610</ymax>
		</bndbox>
	</object>
	<object>
		<name>cruiseship</name>
		<pose>Unspecified</pose>
		<truncated>0</truncated>
		<difficult>0</difficult>
		<bndbox>
			<xmin>639</xmin>
			<ymin>602</ymin>
			<xmax>743</xmax>
			<ymax>710</ymax>
		</bndbox>
	</object>
</annotation>
