<annotation>
	<folder>cruise ship</folder>
	<filename>fjord-norway-fjordlandschaft-mountains-l-940524.jpg</filename>
	<path>C:\Users\51-9302\Desktop\BTRD\BTRD\cruise ship\fjord-norway-fjordlandschaft-mountains-l-940524.jpg</path>
	<source>
		<database>Unknown</database>
	</source>
	<size>
		<width>1280</width>
		<height>851</height>
		<depth>3</depth>
	</size>
	<segmented>0</segmented>
	<object>
		<name>cruiseship</name>
		<pose>Unspecified</pose>
		<truncated>0</truncated>
		<difficult>0</difficult>
		<bndbox>
			<xmin>435</xmin>
			<ymin>317</ymin>
			<xmax>562</xmax>
			<ymax>399</ymax>
		</bndbox>
	</object>
	<object>
		<name>cruiseship</name>
		<pose>Unspecified</pose>
		<truncated>0</truncated>
		<difficult>0</difficult>
		<bndbox>
			<xmin>622</xmin>
			<ymin>388</ymin>
			<xmax>781</xmax>
			<ymax>551</ymax>
		</bndbox>
	</object>
</annotation>
