<annotation>
	<folder>buoy</folder>
	<filename>float-water-blue-sea-blue-water-1586018.jpg</filename>
	<path>C:\Users\51-9302\Desktop\BTRD\buoy\float-water-blue-sea-blue-water-1586018.jpg</path>
	<source>
		<database>Unknown</database>
	</source>
	<size>
		<width>1280</width>
		<height>853</height>
		<depth>3</depth>
	</size>
	<segmented>0</segmented>
	<object>
		<name>buoy</name>
		<pose>Unspecified</pose>
		<truncated>0</truncated>
		<difficult>0</difficult>
		<bndbox>
			<xmin>470</xmin>
			<ymin>358</ymin>
			<xmax>608</xmax>
			<ymax>453</ymax>
		</bndbox>
	</object>
</annotation>
