<annotation>
	<folder>buoy</folder>
	<filename>floats-boa-float-water-lake-1286514.jpg</filename>
	<path>C:\Users\51-9302\Desktop\BTRD\buoy\floats-boa-float-water-lake-1286514.jpg</path>
	<source>
		<database>Unknown</database>
	</source>
	<size>
		<width>1280</width>
		<height>960</height>
		<depth>3</depth>
	</size>
	<segmented>0</segmented>
	<object>
		<name>buoy</name>
		<pose>Unspecified</pose>
		<truncated>0</truncated>
		<difficult>0</difficult>
		<bndbox>
			<xmin>87</xmin>
			<ymin>309</ymin>
			<xmax>1184</xmax>
			<ymax>691</ymax>
		</bndbox>
	</object>
</annotation>
