<annotation>
	<folder>cruise ship</folder>
	<filename>florida-coast-ocean-key-west-water-ship--67893.jpg</filename>
	<path>C:\Users\51-9302\Desktop\BTRD\BTRD\cruise ship\florida-coast-ocean-key-west-water-ship--67893.jpg</path>
	<source>
		<database>Unknown</database>
	</source>
	<size>
		<width>1280</width>
		<height>718</height>
		<depth>3</depth>
	</size>
	<segmented>0</segmented>
	<object>
		<name>cruiseship</name>
		<pose>Unspecified</pose>
		<truncated>0</truncated>
		<difficult>0</difficult>
		<bndbox>
			<xmin>14</xmin>
			<ymin>288</ymin>
			<xmax>973</xmax>
			<ymax>584</ymax>
		</bndbox>
	</object>
</annotation>
