<annotation>
	<folder>sailboat</folder>
	<filename>fog-landscape-nature-sun-2886563.jpg</filename>
	<path>C:\Users\51-9302\Desktop\BTRD\BTRD\sailboat\fog-landscape-nature-sun-2886563.jpg</path>
	<source>
		<database>Unknown</database>
	</source>
	<size>
		<width>1280</width>
		<height>853</height>
		<depth>3</depth>
	</size>
	<segmented>0</segmented>
	<object>
		<name>sailboat</name>
		<pose>Unspecified</pose>
		<truncated>0</truncated>
		<difficult>0</difficult>
		<bndbox>
			<xmin>71</xmin>
			<ymin>10</ymin>
			<xmax>307</xmax>
			<ymax>761</ymax>
		</bndbox>
	</object>
	<object>
		<name>sailboat</name>
		<pose>Unspecified</pose>
		<truncated>0</truncated>
		<difficult>0</difficult>
		<bndbox>
			<xmin>286</xmin>
			<ymin>6</ymin>
			<xmax>507</xmax>
			<ymax>750</ymax>
		</bndbox>
	</object>
	<object>
		<name>sailboat</name>
		<pose>Unspecified</pose>
		<truncated>0</truncated>
		<difficult>0</difficult>
		<bndbox>
			<xmin>535</xmin>
			<ymin>8</ymin>
			<xmax>738</xmax>
			<ymax>753</ymax>
		</bndbox>
	</object>
	<object>
		<name>sailboat</name>
		<pose>Unspecified</pose>
		<truncated>1</truncated>
		<difficult>0</difficult>
		<bndbox>
			<xmin>760</xmin>
			<ymin>1</ymin>
			<xmax>956</xmax>
			<ymax>759</ymax>
		</bndbox>
	</object>
	<object>
		<name>sailboat</name>
		<pose>Unspecified</pose>
		<truncated>0</truncated>
		<difficult>0</difficult>
		<bndbox>
			<xmin>963</xmin>
			<ymin>23</ymin>
			<xmax>1169</xmax>
			<ymax>757</ymax>
		</bndbox>
	</object>
</annotation>
