<annotation>
	<folder>sailboat</folder>
	<filename>fog-landscape-nature-sun-2886564.jpg</filename>
	<path>C:\Users\51-9302\Desktop\BTRD\BTRD\sailboat\fog-landscape-nature-sun-2886564.jpg</path>
	<source>
		<database>Unknown</database>
	</source>
	<size>
		<width>1280</width>
		<height>853</height>
		<depth>3</depth>
	</size>
	<segmented>0</segmented>
	<object>
		<name>sailboat</name>
		<pose>Unspecified</pose>
		<truncated>0</truncated>
		<difficult>0</difficult>
		<bndbox>
			<xmin>203</xmin>
			<ymin>488</ymin>
			<xmax>263</xmax>
			<ymax>617</ymax>
		</bndbox>
	</object>
	<object>
		<name>sailboat</name>
		<pose>Unspecified</pose>
		<truncated>0</truncated>
		<difficult>0</difficult>
		<bndbox>
			<xmin>288</xmin>
			<ymin>490</ymin>
			<xmax>356</xmax>
			<ymax>623</ymax>
		</bndbox>
	</object>
	<object>
		<name>sailboat</name>
		<pose>Unspecified</pose>
		<truncated>0</truncated>
		<difficult>0</difficult>
		<bndbox>
			<xmin>410</xmin>
			<ymin>492</ymin>
			<xmax>486</xmax>
			<ymax>623</ymax>
		</bndbox>
	</object>
	<object>
		<name>sailboat</name>
		<pose>Unspecified</pose>
		<truncated>0</truncated>
		<difficult>0</difficult>
		<bndbox>
			<xmin>546</xmin>
			<ymin>499</ymin>
			<xmax>598</xmax>
			<ymax>621</ymax>
		</bndbox>
	</object>
	<object>
		<name>sailboat</name>
		<pose>Unspecified</pose>
		<truncated>0</truncated>
		<difficult>0</difficult>
		<bndbox>
			<xmin>576</xmin>
			<ymin>489</ymin>
			<xmax>672</xmax>
			<ymax>626</ymax>
		</bndbox>
	</object>
	<object>
		<name>sailboat</name>
		<pose>Unspecified</pose>
		<truncated>0</truncated>
		<difficult>0</difficult>
		<bndbox>
			<xmin>754</xmin>
			<ymin>492</ymin>
			<xmax>832</xmax>
			<ymax>628</ymax>
		</bndbox>
	</object>
	<object>
		<name>sailboat</name>
		<pose>Unspecified</pose>
		<truncated>0</truncated>
		<difficult>0</difficult>
		<bndbox>
			<xmin>877</xmin>
			<ymin>493</ymin>
			<xmax>969</xmax>
			<ymax>621</ymax>
		</bndbox>
	</object>
	<object>
		<name>sailboat</name>
		<pose>Unspecified</pose>
		<truncated>0</truncated>
		<difficult>0</difficult>
		<bndbox>
			<xmin>969</xmin>
			<ymin>483</ymin>
			<xmax>1039</xmax>
			<ymax>627</ymax>
		</bndbox>
	</object>
</annotation>
