<annotation>
	<folder>paper boat</folder>
	<filename>fold-paper-boat-water-abstract-2463747.jpg</filename>
	<path>C:\Users\51-9302\Desktop\BTRD\BTRD\paper boat\fold-paper-boat-water-abstract-2463747.jpg</path>
	<source>
		<database>Unknown</database>
	</source>
	<size>
		<width>1280</width>
		<height>960</height>
		<depth>3</depth>
	</size>
	<segmented>0</segmented>
	<object>
		<name>paperboat</name>
		<pose>Unspecified</pose>
		<truncated>0</truncated>
		<difficult>0</difficult>
		<bndbox>
			<xmin>86</xmin>
			<ymin>226</ymin>
			<xmax>1098</xmax>
			<ymax>783</ymax>
		</bndbox>
	</object>
</annotation>
