<annotation>
	<folder>freight boat</folder>
	<filename>frachtschiff-autotransport-3498344.jpg</filename>
	<path>C:\Users\51-9302\Desktop\BTRD\BTRD\freight boat\frachtschiff-autotransport-3498344.jpg</path>
	<source>
		<database>Unknown</database>
	</source>
	<size>
		<width>1280</width>
		<height>762</height>
		<depth>3</depth>
	</size>
	<segmented>0</segmented>
	<object>
		<name>freightboat</name>
		<pose>Unspecified</pose>
		<truncated>1</truncated>
		<difficult>0</difficult>
		<bndbox>
			<xmin>1</xmin>
			<ymin>115</ymin>
			<xmax>1199</xmax>
			<ymax>583</ymax>
		</bndbox>
	</object>
</annotation>
