<annotation>
	<folder>freight boat</folder>
	<filename>freight-tanker-vessel-boat-ship-oil-carg-863449.jpg</filename>
	<path>C:\Users\51-9302\Desktop\BTRD\BTRD\freight boat\freight-tanker-vessel-boat-ship-oil-carg-863449.jpg</path>
	<source>
		<database>Unknown</database>
	</source>
	<size>
		<width>1280</width>
		<height>960</height>
		<depth>3</depth>
	</size>
	<segmented>0</segmented>
	<object>
		<name>cruiseship</name>
		<pose>Unspecified</pose>
		<truncated>0</truncated>
		<difficult>0</difficult>
		<bndbox>
			<xmin>189</xmin>
			<ymin>523</ymin>
			<xmax>704</xmax>
			<ymax>820</ymax>
		</bndbox>
	</object>
</annotation>
