<annotation>
	<folder>freight boat</folder>
	<filename>freighter-cargo-ship-transport-2432936.jpg</filename>
	<path>C:\Users\51-9302\Desktop\BTRD\BTRD\freight boat\freighter-cargo-ship-transport-2432936.jpg</path>
	<source>
		<database>Unknown</database>
	</source>
	<size>
		<width>1280</width>
		<height>624</height>
		<depth>3</depth>
	</size>
	<segmented>0</segmented>
	<object>
		<name>freightboat</name>
		<pose>Unspecified</pose>
		<truncated>0</truncated>
		<difficult>0</difficult>
		<bndbox>
			<xmin>70</xmin>
			<ymin>69</ymin>
			<xmax>632</xmax>
			<ymax>565</ymax>
		</bndbox>
	</object>
</annotation>
