<annotation>
	<folder>freight boat</folder>
	<filename>freight-liner-ship-liner-shipping-2736640.jpg</filename>
	<path>C:\Users\51-9302\Desktop\BTRD\BTRD\freight boat\freight-liner-ship-liner-shipping-2736640.jpg</path>
	<source>
		<database>Unknown</database>
	</source>
	<size>
		<width>960</width>
		<height>1280</height>
		<depth>3</depth>
	</size>
	<segmented>0</segmented>
	<object>
		<name>freightboat</name>
		<pose>Unspecified</pose>
		<truncated>0</truncated>
		<difficult>0</difficult>
		<bndbox>
			<xmin>18</xmin>
			<ymin>247</ymin>
			<xmax>903</xmax>
			<ymax>901</ymax>
		</bndbox>
	</object>
</annotation>
