<annotation>
	<folder>cruise ship</folder>
	<filename>frog-photographer-giant-funny-1158815.jpg</filename>
	<path>C:\Users\51-9302\Desktop\BTRD\BTRD\cruise ship\frog-photographer-giant-funny-1158815.jpg</path>
	<source>
		<database>Unknown</database>
	</source>
	<size>
		<width>1280</width>
		<height>728</height>
		<depth>3</depth>
	</size>
	<segmented>0</segmented>
	<object>
		<name>cruiseship</name>
		<pose>Unspecified</pose>
		<truncated>0</truncated>
		<difficult>0</difficult>
		<bndbox>
			<xmin>305</xmin>
			<ymin>450</ymin>
			<xmax>1234</xmax>
			<ymax>634</ymax>
		</bndbox>
	</object>
</annotation>
