<annotation>
	<folder>sailboat</folder>
	<filename>galleon-sailing-ship-sail-ship-sailing-m-146994.jpg</filename>
	<path>C:\Users\51-9302\Desktop\BTRD\BTRD\sailboat\galleon-sailing-ship-sail-ship-sailing-m-146994.jpg</path>
	<source>
		<database>Unknown</database>
	</source>
	<size>
		<width>1280</width>
		<height>1056</height>
		<depth>1</depth>
	</size>
	<segmented>0</segmented>
	<object>
		<name>sailboat</name>
		<pose>Unspecified</pose>
		<truncated>0</truncated>
		<difficult>0</difficult>
		<bndbox>
			<xmin>52</xmin>
			<ymin>9</ymin>
			<xmax>1217</xmax>
			<ymax>858</ymax>
		</bndbox>
	</object>
</annotation>
