<annotation>
	<folder>sailboat</folder>
	<filename>galleon-ship-historic-moored-sail-vessel-1572631.jpg</filename>
	<path>C:\Users\51-9302\Desktop\BTRD\BTRD\sailboat\galleon-ship-historic-moored-sail-vessel-1572631.jpg</path>
	<source>
		<database>Unknown</database>
	</source>
	<size>
		<width>1280</width>
		<height>847</height>
		<depth>3</depth>
	</size>
	<segmented>0</segmented>
	<object>
		<name>sailboat</name>
		<pose>Unspecified</pose>
		<truncated>1</truncated>
		<difficult>0</difficult>
		<bndbox>
			<xmin>251</xmin>
			<ymin>1</ymin>
			<xmax>628</xmax>
			<ymax>728</ymax>
		</bndbox>
	</object>
	<object>
		<name>sailboat</name>
		<pose>Unspecified</pose>
		<truncated>0</truncated>
		<difficult>0</difficult>
		<bndbox>
			<xmin>677</xmin>
			<ymin>275</ymin>
			<xmax>1048</xmax>
			<ymax>745</ymax>
		</bndbox>
	</object>
</annotation>
