<annotation>
	<folder>kayak</folder>
	<filename>ghent-belgium-architecture-building-3736082.jpg</filename>
	<path>C:\Users\51-9302\Desktop\BTRD\BTRD\kayak\ghent-belgium-architecture-building-3736082.jpg</path>
	<source>
		<database>Unknown</database>
	</source>
	<size>
		<width>1280</width>
		<height>853</height>
		<depth>3</depth>
	</size>
	<segmented>0</segmented>
	<object>
		<name>kayak</name>
		<pose>Unspecified</pose>
		<truncated>0</truncated>
		<difficult>0</difficult>
		<bndbox>
			<xmin>749</xmin>
			<ymin>489</ymin>
			<xmax>817</xmax>
			<ymax>547</ymax>
		</bndbox>
	</object>
	<object>
		<name>kayak</name>
		<pose>Unspecified</pose>
		<truncated>0</truncated>
		<difficult>0</difficult>
		<bndbox>
			<xmin>737</xmin>
			<ymin>465</ymin>
			<xmax>778</xmax>
			<ymax>509</ymax>
		</bndbox>
	</object>
	<object>
		<name>kayak</name>
		<pose>Unspecified</pose>
		<truncated>0</truncated>
		<difficult>0</difficult>
		<bndbox>
			<xmin>645</xmin>
			<ymin>431</ymin>
			<xmax>697</xmax>
			<ymax>470</ymax>
		</bndbox>
	</object>
</annotation>
