<annotation>
	<folder>kayak</folder>
	<filename>girl-kayak-canoe-kayaking-paddle-1561989.jpg</filename>
	<path>C:\Users\51-9302\Desktop\BTRD\BTRD\kayak\girl-kayak-canoe-kayaking-paddle-1561989.jpg</path>
	<source>
		<database>Unknown</database>
	</source>
	<size>
		<width>1280</width>
		<height>853</height>
		<depth>3</depth>
	</size>
	<segmented>0</segmented>
	<object>
		<name>kayak</name>
		<pose>Unspecified</pose>
		<truncated>0</truncated>
		<difficult>0</difficult>
		<bndbox>
			<xmin>538</xmin>
			<ymin>402</ymin>
			<xmax>772</xmax>
			<ymax>630</ymax>
		</bndbox>
	</object>
</annotation>
