<annotation>
	<folder>kayak</folder>
	<filename>glacier-kayak-alaska-ice-2687834.jpg</filename>
	<path>C:\Users\51-9302\Desktop\BTRD\BTRD\kayak\glacier-kayak-alaska-ice-2687834.jpg</path>
	<source>
		<database>Unknown</database>
	</source>
	<size>
		<width>960</width>
		<height>1280</height>
		<depth>3</depth>
	</size>
	<segmented>0</segmented>
	<object>
		<name>kayak</name>
		<pose>Unspecified</pose>
		<truncated>0</truncated>
		<difficult>0</difficult>
		<bndbox>
			<xmin>343</xmin>
			<ymin>910</ymin>
			<xmax>734</xmax>
			<ymax>1007</ymax>
		</bndbox>
	</object>
</annotation>
