<annotation>
	<folder>gondola</folder>
	<filename>gondola-gondola-ride-venice-water-2814777.jpg</filename>
	<path>C:\Users\51-9302\Desktop\BTRD\BTRD\gondola\gondola-gondola-ride-venice-water-2814777.jpg</path>
	<source>
		<database>Unknown</database>
	</source>
	<size>
		<width>1280</width>
		<height>854</height>
		<depth>3</depth>
	</size>
	<segmented>0</segmented>
	<object>
		<name>gondola</name>
		<pose>Unspecified</pose>
		<truncated>0</truncated>
		<difficult>0</difficult>
		<bndbox>
			<xmin>414</xmin>
			<ymin>384</ymin>
			<xmax>559</xmax>
			<ymax>552</ymax>
		</bndbox>
	</object>
	<object>
		<name>ferryboat</name>
		<pose>Unspecified</pose>
		<truncated>0</truncated>
		<difficult>0</difficult>
		<bndbox>
			<xmin>833</xmin>
			<ymin>337</ymin>
			<xmax>985</xmax>
			<ymax>427</ymax>
		</bndbox>
	</object>
</annotation>
