<annotation>
	<folder>gondola</folder>
	<filename>gondolier-italy-venice-gondolas-secondar-337547.jpg</filename>
	<path>C:\Users\51-9302\Desktop\BTRD\BTRD\gondola\gondolier-italy-venice-gondolas-secondar-337547.jpg</path>
	<source>
		<database>Unknown</database>
	</source>
	<size>
		<width>1280</width>
		<height>888</height>
		<depth>3</depth>
	</size>
	<segmented>0</segmented>
	<object>
		<name>gondola</name>
		<pose>Unspecified</pose>
		<truncated>1</truncated>
		<difficult>0</difficult>
		<bndbox>
			<xmin>634</xmin>
			<ymin>597</ymin>
			<xmax>1280</xmax>
			<ymax>882</ymax>
		</bndbox>
	</object>
</annotation>
