<annotation>
	<folder>gondola</folder>
	<filename>gondola-venice-channel-italy-black-venic-505090.jpg</filename>
	<path>C:\Users\51-9302\Desktop\BTRD\BTRD\gondola\gondola-venice-channel-italy-black-venic-505090.jpg</path>
	<source>
		<database>Unknown</database>
	</source>
	<size>
		<width>959</width>
		<height>1280</height>
		<depth>3</depth>
	</size>
	<segmented>0</segmented>
	<object>
		<name>gondola</name>
		<pose>Unspecified</pose>
		<truncated>0</truncated>
		<difficult>0</difficult>
		<bndbox>
			<xmin>47</xmin>
			<ymin>35</ymin>
			<xmax>626</xmax>
			<ymax>1178</ymax>
		</bndbox>
	</object>
	<object>
		<name>gondola</name>
		<pose>Unspecified</pose>
		<truncated>1</truncated>
		<difficult>0</difficult>
		<bndbox>
			<xmin>611</xmin>
			<ymin>33</ymin>
			<xmax>887</xmax>
			<ymax>1280</ymax>
		</bndbox>
	</object>
</annotation>
