<annotation>
	<folder>gondola</folder>
	<filename>gondola-travel-venice-europe-3701751.jpg</filename>
	<path>C:\Users\51-9302\Desktop\BTRD\BTRD\gondola\gondola-travel-venice-europe-3701751.jpg</path>
	<source>
		<database>Unknown</database>
	</source>
	<size>
		<width>853</width>
		<height>1280</height>
		<depth>3</depth>
	</size>
	<segmented>0</segmented>
	<object>
		<name>gondola</name>
		<pose>Unspecified</pose>
		<truncated>0</truncated>
		<difficult>0</difficult>
		<bndbox>
			<xmin>124</xmin>
			<ymin>462</ymin>
			<xmax>652</xmax>
			<ymax>1131</ymax>
		</bndbox>
	</object>
</annotation>
