<annotation>
	<folder>gondola</folder>
	<filename>gondola-venice-italy-canal-romantic-ital-2092617.jpg</filename>
	<path>C:\Users\51-9302\Desktop\BTRD\BTRD\gondola\gondola-venice-italy-canal-romantic-ital-2092617.jpg</path>
	<source>
		<database>Unknown</database>
	</source>
	<size>
		<width>960</width>
		<height>1280</height>
		<depth>3</depth>
	</size>
	<segmented>0</segmented>
	<object>
		<name>gondola</name>
		<pose>Unspecified</pose>
		<truncated>0</truncated>
		<difficult>0</difficult>
		<bndbox>
			<xmin>454</xmin>
			<ymin>483</ymin>
			<xmax>675</xmax>
			<ymax>926</ymax>
		</bndbox>
	</object>
</annotation>
