<annotation>
	<folder>gondola</folder>
	<filename>gondolier-gondola-venice-vinegia-venetia-29216.jpg</filename>
	<path>C:\Users\51-9302\Desktop\BTRD\BTRD\gondola\gondolier-gondola-venice-vinegia-venetia-29216.jpg</path>
	<source>
		<database>Unknown</database>
	</source>
	<size>
		<width>1280</width>
		<height>982</height>
		<depth>1</depth>
	</size>
	<segmented>0</segmented>
	<object>
		<name>gondola</name>
		<pose>Unspecified</pose>
		<truncated>0</truncated>
		<difficult>0</difficult>
		<bndbox>
			<xmin>126</xmin>
			<ymin>239</ymin>
			<xmax>1233</xmax>
			<ymax>751</ymax>
		</bndbox>
	</object>
</annotation>
