<annotation>
	<folder>gondola</folder>
	<filename>gondola-venice-canal-grande-italy-2913954.jpg</filename>
	<path>C:\Users\51-9302\Desktop\BTRD\BTRD\gondola\gondola-venice-canal-grande-italy-2913954.jpg</path>
	<source>
		<database>Unknown</database>
	</source>
	<size>
		<width>1280</width>
		<height>960</height>
		<depth>3</depth>
	</size>
	<segmented>0</segmented>
	<object>
		<name>gondola</name>
		<pose>Unspecified</pose>
		<truncated>0</truncated>
		<difficult>0</difficult>
		<bndbox>
			<xmin>509</xmin>
			<ymin>569</ymin>
			<xmax>1156</xmax>
			<ymax>740</ymax>
		</bndbox>
	</object>
</annotation>
