<annotation>
	<folder>gondola</folder>
	<filename>gondolas-venice-dusk-sunset-842716.jpg</filename>
	<path>C:\Users\51-9302\Desktop\BTRD\BTRD\gondola\gondolas-venice-dusk-sunset-842716.jpg</path>
	<source>
		<database>Unknown</database>
	</source>
	<size>
		<width>1280</width>
		<height>847</height>
		<depth>3</depth>
	</size>
	<segmented>0</segmented>
	<object>
		<name>gondola</name>
		<pose>Unspecified</pose>
		<truncated>0</truncated>
		<difficult>0</difficult>
		<bndbox>
			<xmin>433</xmin>
			<ymin>470</ymin>
			<xmax>1210</xmax>
			<ymax>628</ymax>
		</bndbox>
	</object>
</annotation>
