<annotation>
	<folder>gondola</folder>
	<filename>gondolas-venice-laguna-italy-2800598.jpg</filename>
	<path>C:\Users\51-9302\Desktop\BTRD\BTRD\gondola\gondolas-venice-laguna-italy-2800598.jpg</path>
	<source>
		<database>Unknown</database>
	</source>
	<size>
		<width>1280</width>
		<height>847</height>
		<depth>3</depth>
	</size>
	<segmented>0</segmented>
	<object>
		<name>gondola</name>
		<pose>Unspecified</pose>
		<truncated>0</truncated>
		<difficult>0</difficult>
		<bndbox>
			<xmin>584</xmin>
			<ymin>239</ymin>
			<xmax>798</xmax>
			<ymax>824</ymax>
		</bndbox>
	</object>
	<object>
		<name>gondola</name>
		<pose>Unspecified</pose>
		<truncated>0</truncated>
		<difficult>0</difficult>
		<bndbox>
			<xmin>716</xmin>
			<ymin>260</ymin>
			<xmax>1120</xmax>
			<ymax>806</ymax>
		</bndbox>
	</object>
</annotation>
