<annotation>
	<folder>gondola</folder>
	<filename>gondola-venice-boat-art-watercolor-3605827.jpg</filename>
	<path>C:\Users\51-9302\Desktop\BTRD\BTRD\gondola\gondola-venice-boat-art-watercolor-3605827.jpg</path>
	<source>
		<database>Unknown</database>
	</source>
	<size>
		<width>1280</width>
		<height>772</height>
		<depth>3</depth>
	</size>
	<segmented>0</segmented>
	<object>
		<name>gondola</name>
		<pose>Unspecified</pose>
		<truncated>0</truncated>
		<difficult>0</difficult>
		<bndbox>
			<xmin>54</xmin>
			<ymin>445</ymin>
			<xmax>1234</xmax>
			<ymax>744</ymax>
		</bndbox>
	</object>
</annotation>
