<annotation>
	<folder>gondola</folder>
	<filename>gondola-venice-italy-water-boats-houses--926883.jpg</filename>
	<path>C:\Users\51-9302\Desktop\BTRD\BTRD\gondola\gondola-venice-italy-water-boats-houses--926883.jpg</path>
	<source>
		<database>Unknown</database>
	</source>
	<size>
		<width>1280</width>
		<height>853</height>
		<depth>3</depth>
	</size>
	<segmented>0</segmented>
	<object>
		<name>gondola</name>
		<pose>Unspecified</pose>
		<truncated>0</truncated>
		<difficult>0</difficult>
		<bndbox>
			<xmin>579</xmin>
			<ymin>395</ymin>
			<xmax>698</xmax>
			<ymax>585</ymax>
		</bndbox>
	</object>
	<object>
		<name>ferryboat</name>
		<pose>Unspecified</pose>
		<truncated>0</truncated>
		<difficult>0</difficult>
		<bndbox>
			<xmin>279</xmin>
			<ymin>406</ymin>
			<xmax>537</xmax>
			<ymax>475</ymax>
		</bndbox>
	</object>
</annotation>
