<annotation>
	<folder>gondola</folder>
	<filename>gondolas-venice-italy-vacations-2785565.jpg</filename>
	<path>C:\Users\51-9302\Desktop\BTRD\BTRD\gondola\gondolas-venice-italy-vacations-2785565.jpg</path>
	<source>
		<database>Unknown</database>
	</source>
	<size>
		<width>1280</width>
		<height>847</height>
		<depth>3</depth>
	</size>
	<segmented>0</segmented>
	<object>
		<name>gondola</name>
		<pose>Unspecified</pose>
		<truncated>0</truncated>
		<difficult>0</difficult>
		<bndbox>
			<xmin>7</xmin>
			<ymin>489</ymin>
			<xmax>495</xmax>
			<ymax>756</ymax>
		</bndbox>
	</object>
	<object>
		<name>gondola</name>
		<pose>Unspecified</pose>
		<truncated>0</truncated>
		<difficult>0</difficult>
		<bndbox>
			<xmin>322</xmin>
			<ymin>475</ymin>
			<xmax>706</xmax>
			<ymax>769</ymax>
		</bndbox>
	</object>
	<object>
		<name>gondola</name>
		<pose>Unspecified</pose>
		<truncated>0</truncated>
		<difficult>0</difficult>
		<bndbox>
			<xmin>710</xmin>
			<ymin>505</ymin>
			<xmax>948</xmax>
			<ymax>780</ymax>
		</bndbox>
	</object>
	<object>
		<name>gondola</name>
		<pose>Unspecified</pose>
		<truncated>0</truncated>
		<difficult>0</difficult>
		<bndbox>
			<xmin>986</xmin>
			<ymin>517</ymin>
			<xmax>1252</xmax>
			<ymax>798</ymax>
		</bndbox>
	</object>
</annotation>
