<annotation>
	<folder>gondola</folder>
	<filename>gondola-channel-boat-waters-3109128.jpg</filename>
	<path>C:\Users\51-9302\Desktop\BTRD\BTRD\gondola\gondola-channel-boat-waters-3109128.jpg</path>
	<source>
		<database>Unknown</database>
	</source>
	<size>
		<width>1280</width>
		<height>853</height>
		<depth>3</depth>
	</size>
	<segmented>0</segmented>
	<object>
		<name>gondola</name>
		<pose>Unspecified</pose>
		<truncated>1</truncated>
		<difficult>0</difficult>
		<bndbox>
			<xmin>78</xmin>
			<ymin>219</ymin>
			<xmax>1280</xmax>
			<ymax>761</ymax>
		</bndbox>
	</object>
</annotation>
