<annotation>
	<folder>gondola</folder>
	<filename>gondola-boat-las-vegas-venice-venetian-l-655864.jpg</filename>
	<path>C:\Users\51-9302\Desktop\BTRD\BTRD\gondola\gondola-boat-las-vegas-venice-venetian-l-655864.jpg</path>
	<source>
		<database>Unknown</database>
	</source>
	<size>
		<width>1280</width>
		<height>853</height>
		<depth>3</depth>
	</size>
	<segmented>0</segmented>
	<object>
		<name>gondola</name>
		<pose>Unspecified</pose>
		<truncated>0</truncated>
		<difficult>0</difficult>
		<bndbox>
			<xmin>96</xmin>
			<ymin>206</ymin>
			<xmax>448</xmax>
			<ymax>288</ymax>
		</bndbox>
	</object>
	<object>
		<name>gondola</name>
		<pose>Unspecified</pose>
		<truncated>0</truncated>
		<difficult>0</difficult>
		<bndbox>
			<xmin>483</xmin>
			<ymin>222</ymin>
			<xmax>752</xmax>
			<ymax>332</ymax>
		</bndbox>
	</object>
	<object>
		<name>gondola</name>
		<pose>Unspecified</pose>
		<truncated>0</truncated>
		<difficult>0</difficult>
		<bndbox>
			<xmin>107</xmin>
			<ymin>347</ymin>
			<xmax>860</xmax>
			<ymax>501</ymax>
		</bndbox>
	</object>
	<object>
		<name>gondola</name>
		<pose>Unspecified</pose>
		<truncated>0</truncated>
		<difficult>0</difficult>
		<bndbox>
			<xmin>84</xmin>
			<ymin>447</ymin>
			<xmax>1057</xmax>
			<ymax>621</ymax>
		</bndbox>
	</object>
	<object>
		<name>gondola</name>
		<pose>Unspecified</pose>
		<truncated>0</truncated>
		<difficult>0</difficult>
		<bndbox>
			<xmin>85</xmin>
			<ymin>524</ymin>
			<xmax>1199</xmax>
			<ymax>812</ymax>
		</bndbox>
	</object>
</annotation>
