<annotation>
	<folder>gondola</folder>
	<filename>gondola-venice-italy-travel-boat-619646.jpg</filename>
	<path>C:\Users\51-9302\Desktop\BTRD\BTRD\gondola\gondola-venice-italy-travel-boat-619646.jpg</path>
	<source>
		<database>Unknown</database>
	</source>
	<size>
		<width>853</width>
		<height>1280</height>
		<depth>3</depth>
	</size>
	<segmented>0</segmented>
	<object>
		<name>gondola</name>
		<pose>Unspecified</pose>
		<truncated>1</truncated>
		<difficult>0</difficult>
		<bndbox>
			<xmin>186</xmin>
			<ymin>193</ymin>
			<xmax>853</xmax>
			<ymax>1088</ymax>
		</bndbox>
	</object>
</annotation>
