<annotation>
	<folder>gondola</folder>
	<filename>gondola-boat-bridge-water-art-3742235.jpg</filename>
	<path>C:\Users\51-9302\Desktop\BTRD\BTRD\gondola\gondola-boat-bridge-water-art-3742235.jpg</path>
	<source>
		<database>Unknown</database>
	</source>
	<size>
		<width>1280</width>
		<height>853</height>
		<depth>3</depth>
	</size>
	<segmented>0</segmented>
	<object>
		<name>gondola</name>
		<pose>Unspecified</pose>
		<truncated>0</truncated>
		<difficult>0</difficult>
		<bndbox>
			<xmin>482</xmin>
			<ymin>358</ymin>
			<xmax>645</xmax>
			<ymax>421</ymax>
		</bndbox>
	</object>
</annotation>
