<annotation>
	<folder>gondola</folder>
	<filename>gondola-gondolier-venice-channel-2723535.jpg</filename>
	<path>C:\Users\51-9302\Desktop\BTRD\BTRD\gondola\gondola-gondolier-venice-channel-2723535.jpg</path>
	<source>
		<database>Unknown</database>
	</source>
	<size>
		<width>1280</width>
		<height>841</height>
		<depth>1</depth>
	</size>
	<segmented>0</segmented>
	<object>
		<name>gondola</name>
		<pose>Unspecified</pose>
		<truncated>0</truncated>
		<difficult>0</difficult>
		<bndbox>
			<xmin>675</xmin>
			<ymin>442</ymin>
			<xmax>955</xmax>
			<ymax>735</ymax>
		</bndbox>
	</object>
</annotation>
