<annotation>
	<folder>gondola</folder>
	<filename>gondola-venice-boats-ship-way-2112568.jpg</filename>
	<path>C:\Users\51-9302\Desktop\BTRD\BTRD\gondola\gondola-venice-boats-ship-way-2112568.jpg</path>
	<source>
		<database>Unknown</database>
	</source>
	<size>
		<width>989</width>
		<height>1280</height>
		<depth>3</depth>
	</size>
	<segmented>0</segmented>
	<object>
		<name>gondola</name>
		<pose>Unspecified</pose>
		<truncated>0</truncated>
		<difficult>0</difficult>
		<bndbox>
			<xmin>170</xmin>
			<ymin>829</ymin>
			<xmax>944</xmax>
			<ymax>1171</ymax>
		</bndbox>
	</object>
</annotation>
