<annotation>
	<folder>gondola</folder>
	<filename>gondola-channel-navigation-venetian-3247370.jpg</filename>
	<path>C:\Users\51-9302\Desktop\BTRD\BTRD\gondola\gondola-channel-navigation-venetian-3247370.jpg</path>
	<source>
		<database>Unknown</database>
	</source>
	<size>
		<width>1280</width>
		<height>853</height>
		<depth>3</depth>
	</size>
	<segmented>0</segmented>
	<object>
		<name>gondola</name>
		<pose>Unspecified</pose>
		<truncated>0</truncated>
		<difficult>0</difficult>
		<bndbox>
			<xmin>944</xmin>
			<ymin>671</ymin>
			<xmax>1115</xmax>
			<ymax>838</ymax>
		</bndbox>
	</object>
</annotation>
