<annotation>
	<folder>gondola</folder>
	<filename>gondola-boat-oar-guy-man-water-698452.jpg</filename>
	<path>C:\Users\51-9302\Desktop\BTRD\BTRD\gondola\gondola-boat-oar-guy-man-water-698452.jpg</path>
	<source>
		<database>Unknown</database>
	</source>
	<size>
		<width>960</width>
		<height>1280</height>
		<depth>3</depth>
	</size>
	<segmented>0</segmented>
	<object>
		<name>gondola</name>
		<pose>Unspecified</pose>
		<truncated>1</truncated>
		<difficult>0</difficult>
		<bndbox>
			<xmin>367</xmin>
			<ymin>861</ymin>
			<xmax>960</xmax>
			<ymax>1175</ymax>
		</bndbox>
	</object>
</annotation>
