<annotation>
	<folder>gondola</folder>
	<filename>gondola-gondolier-grand-canal-528783.jpg</filename>
	<path>C:\Users\51-9302\Desktop\BTRD\BTRD\gondola\gondola-gondolier-grand-canal-528783.jpg</path>
	<source>
		<database>Unknown</database>
	</source>
	<size>
		<width>851</width>
		<height>1280</height>
		<depth>3</depth>
	</size>
	<segmented>0</segmented>
	<object>
		<name>gondola</name>
		<pose>Unspecified</pose>
		<truncated>0</truncated>
		<difficult>0</difficult>
		<bndbox>
			<xmin>183</xmin>
			<ymin>199</ymin>
			<xmax>479</xmax>
			<ymax>807</ymax>
		</bndbox>
	</object>
</annotation>
