<annotation>
	<folder>gondola</folder>
	<filename>gondola-gondolier-venice-261311.jpg</filename>
	<path>C:\Users\51-9302\Desktop\BTRD\BTRD\gondola\gondola-gondolier-venice-261311.jpg</path>
	<source>
		<database>Unknown</database>
	</source>
	<size>
		<width>1280</width>
		<height>960</height>
		<depth>3</depth>
	</size>
	<segmented>0</segmented>
	<object>
		<name>gondola</name>
		<pose>Unspecified</pose>
		<truncated>0</truncated>
		<difficult>0</difficult>
		<bndbox>
			<xmin>122</xmin>
			<ymin>482</ymin>
			<xmax>867</xmax>
			<ymax>673</ymax>
		</bndbox>
	</object>
</annotation>
