<annotation>
	<folder>gondola</folder>
	<filename>gondola-venetia-venezia-venice-italy-ita-1712314.jpg</filename>
	<path>C:\Users\51-9302\Desktop\BTRD\BTRD\gondola\gondola-venetia-venezia-venice-italy-ita-1712314.jpg</path>
	<source>
		<database>Unknown</database>
	</source>
	<size>
		<width>1280</width>
		<height>795</height>
		<depth>3</depth>
	</size>
	<segmented>0</segmented>
	<object>
		<name>gondola</name>
		<pose>Unspecified</pose>
		<truncated>0</truncated>
		<difficult>0</difficult>
		<bndbox>
			<xmin>271</xmin>
			<ymin>254</ymin>
			<xmax>867</xmax>
			<ymax>727</ymax>
		</bndbox>
	</object>
	<object>
		<name>gondola</name>
		<pose>Unspecified</pose>
		<truncated>1</truncated>
		<difficult>0</difficult>
		<bndbox>
			<xmin>959</xmin>
			<ymin>318</ymin>
			<xmax>1280</xmax>
			<ymax>706</ymax>
		</bndbox>
	</object>
</annotation>
