<annotation>
	<folder>gondola</folder>
	<filename>gondola-water-venice-channel-2814745.jpg</filename>
	<path>C:\Users\51-9302\Desktop\BTRD\BTRD\gondola\gondola-water-venice-channel-2814745.jpg</path>
	<source>
		<database>Unknown</database>
	</source>
	<size>
		<width>1280</width>
		<height>855</height>
		<depth>3</depth>
	</size>
	<segmented>0</segmented>
	<object>
		<name>gondola</name>
		<pose>Unspecified</pose>
		<truncated>0</truncated>
		<difficult>0</difficult>
		<bndbox>
			<xmin>312</xmin>
			<ymin>227</ymin>
			<xmax>1025</xmax>
			<ymax>808</ymax>
		</bndbox>
	</object>
</annotation>
