<annotation>
	<folder>gondola</folder>
	<filename>gondolier-venice-water-romantic-venezia--667566.jpg</filename>
	<path>C:\Users\51-9302\Desktop\BTRD\BTRD\gondola\gondolier-venice-water-romantic-venezia--667566.jpg</path>
	<source>
		<database>Unknown</database>
	</source>
	<size>
		<width>1280</width>
		<height>980</height>
		<depth>3</depth>
	</size>
	<segmented>0</segmented>
	<object>
		<name>gondola</name>
		<pose>Unspecified</pose>
		<truncated>0</truncated>
		<difficult>0</difficult>
		<bndbox>
			<xmin>51</xmin>
			<ymin>173</ymin>
			<xmax>1217</xmax>
			<ymax>798</ymax>
		</bndbox>
	</object>
</annotation>
