<annotation>
	<folder>gondola</folder>
	<filename>gondola-venice-italy-water-people-1610598.jpg</filename>
	<path>C:\Users\51-9302\Desktop\BTRD\BTRD\gondola\gondola-venice-italy-water-people-1610598.jpg</path>
	<source>
		<database>Unknown</database>
	</source>
	<size>
		<width>1280</width>
		<height>722</height>
		<depth>3</depth>
	</size>
	<segmented>0</segmented>
	<object>
		<name>gondola</name>
		<pose>Unspecified</pose>
		<truncated>0</truncated>
		<difficult>0</difficult>
		<bndbox>
			<xmin>312</xmin>
			<ymin>253</ymin>
			<xmax>816</xmax>
			<ymax>517</ymax>
		</bndbox>
	</object>
</annotation>
