<annotation>
	<folder>kayak</folder>
	<filename>gorges-you-verdon-kayak-drive-mirroring--1603829.jpg</filename>
	<path>C:\Users\51-9302\Desktop\BTRD\BTRD\kayak\gorges-you-verdon-kayak-drive-mirroring--1603829.jpg</path>
	<source>
		<database>Unknown</database>
	</source>
	<size>
		<width>1280</width>
		<height>960</height>
		<depth>3</depth>
	</size>
	<segmented>0</segmented>
	<object>
		<name>kayak</name>
		<pose>Unspecified</pose>
		<truncated>0</truncated>
		<difficult>0</difficult>
		<bndbox>
			<xmin>468</xmin>
			<ymin>351</ymin>
			<xmax>818</xmax>
			<ymax>588</ymax>
		</bndbox>
	</object>
</annotation>
