<annotation>
	<folder>gondola</folder>
	<filename>grand-canal-venice-italy-canal-city-wate-918699.jpg</filename>
	<path>C:\Users\51-9302\Desktop\BTRD\BTRD\gondola\grand-canal-venice-italy-canal-city-wate-918699.jpg</path>
	<source>
		<database>Unknown</database>
	</source>
	<size>
		<width>1280</width>
		<height>720</height>
		<depth>3</depth>
	</size>
	<segmented>0</segmented>
	<object>
		<name>gondola</name>
		<pose>Unspecified</pose>
		<truncated>0</truncated>
		<difficult>0</difficult>
		<bndbox>
			<xmin>711</xmin>
			<ymin>437</ymin>
			<xmax>818</xmax>
			<ymax>550</ymax>
		</bndbox>
	</object>
	<object>
		<name>gondola</name>
		<pose>Unspecified</pose>
		<truncated>0</truncated>
		<difficult>0</difficult>
		<bndbox>
			<xmin>724</xmin>
			<ymin>366</ymin>
			<xmax>771</xmax>
			<ymax>453</ymax>
		</bndbox>
	</object>
	<object>
		<name>gondola</name>
		<pose>Unspecified</pose>
		<truncated>0</truncated>
		<difficult>0</difficult>
		<bndbox>
			<xmin>798</xmin>
			<ymin>437</ymin>
			<xmax>1016</xmax>
			<ymax>546</ymax>
		</bndbox>
	</object>
	<object>
		<name>gondola</name>
		<pose>Unspecified</pose>
		<truncated>0</truncated>
		<difficult>0</difficult>
		<bndbox>
			<xmin>384</xmin>
			<ymin>322</ymin>
			<xmax>482</xmax>
			<ymax>353</ymax>
		</bndbox>
	</object>
</annotation>
