<annotation>
	<folder>gondola</folder>
	<filename>grand-canal-grand-canal-venice-1246629.jpg</filename>
	<path>C:\Users\51-9302\Desktop\BTRD\BTRD\gondola\grand-canal-grand-canal-venice-1246629.jpg</path>
	<source>
		<database>Unknown</database>
	</source>
	<size>
		<width>1280</width>
		<height>802</height>
		<depth>3</depth>
	</size>
	<segmented>0</segmented>
	<object>
		<name>gondola</name>
		<pose>Unspecified</pose>
		<truncated>0</truncated>
		<difficult>0</difficult>
		<bndbox>
			<xmin>112</xmin>
			<ymin>587</ymin>
			<xmax>375</xmax>
			<ymax>641</ymax>
		</bndbox>
	</object>
	<object>
		<name>gondola</name>
		<pose>Unspecified</pose>
		<truncated>0</truncated>
		<difficult>0</difficult>
		<bndbox>
			<xmin>17</xmin>
			<ymin>677</ymin>
			<xmax>176</xmax>
			<ymax>771</ymax>
		</bndbox>
	</object>
</annotation>
