<annotation>
	<folder>sailboat</folder>
	<filename>greece-boats-sailboat-sea-ocean-2665945.jpg</filename>
	<path>C:\Users\51-9302\Desktop\BTRD\BTRD\sailboat\greece-boats-sailboat-sea-ocean-2665945.jpg</path>
	<source>
		<database>Unknown</database>
	</source>
	<size>
		<width>567</width>
		<height>814</height>
		<depth>3</depth>
	</size>
	<segmented>0</segmented>
	<object>
		<name>sailboat</name>
		<pose>Unspecified</pose>
		<truncated>0</truncated>
		<difficult>0</difficult>
		<bndbox>
			<xmin>190</xmin>
			<ymin>294</ymin>
			<xmax>317</xmax>
			<ymax>516</ymax>
		</bndbox>
	</object>
</annotation>
