<annotation>
	<folder>sailboat</folder>
	<filename>greenland-boat-sailboat-ice-nature-ship--459793.jpg</filename>
	<path>C:\Users\51-9302\Desktop\BTRD\BTRD\sailboat\greenland-boat-sailboat-ice-nature-ship--459793.jpg</path>
	<source>
		<database>Unknown</database>
	</source>
	<size>
		<width>1280</width>
		<height>833</height>
		<depth>3</depth>
	</size>
	<segmented>0</segmented>
	<object>
		<name>sailboat</name>
		<pose>Unspecified</pose>
		<truncated>0</truncated>
		<difficult>0</difficult>
		<bndbox>
			<xmin>213</xmin>
			<ymin>416</ymin>
			<xmax>392</xmax>
			<ymax>607</ymax>
		</bndbox>
	</object>
</annotation>
