<annotation>
	<folder>cruise ship</folder>
	<filename>greece-olympia-sea-cruise-boat-106245.jpg</filename>
	<path>C:\Users\51-9302\Desktop\BTRD\BTRD\cruise ship\greece-olympia-sea-cruise-boat-106245.jpg</path>
	<source>
		<database>Unknown</database>
	</source>
	<size>
		<width>1280</width>
		<height>960</height>
		<depth>3</depth>
	</size>
	<segmented>0</segmented>
	<object>
		<name>cruiseship</name>
		<pose>Unspecified</pose>
		<truncated>0</truncated>
		<difficult>0</difficult>
		<bndbox>
			<xmin>87</xmin>
			<ymin>305</ymin>
			<xmax>1189</xmax>
			<ymax>552</ymax>
		</bndbox>
	</object>
</annotation>
