<annotation>
	<folder>sailboat</folder>
	<filename>greece-sea-ocean-mountains-2693408.jpg</filename>
	<path>C:\Users\51-9302\Desktop\BTRD\BTRD\sailboat\greece-sea-ocean-mountains-2693408.jpg</path>
	<source>
		<database>Unknown</database>
	</source>
	<size>
		<width>1280</width>
		<height>853</height>
		<depth>3</depth>
	</size>
	<segmented>0</segmented>
	<object>
		<name>sailboat</name>
		<pose>Unspecified</pose>
		<truncated>0</truncated>
		<difficult>0</difficult>
		<bndbox>
			<xmin>889</xmin>
			<ymin>499</ymin>
			<xmax>963</xmax>
			<ymax>603</ymax>
		</bndbox>
	</object>
</annotation>
