<annotation>
	<folder>sailboat</folder>
	<filename>greece-rhodes-sea-water-boat-sailing-boa-848987.jpg</filename>
	<path>C:\Users\51-9302\Desktop\BTRD\BTRD\sailboat\greece-rhodes-sea-water-boat-sailing-boa-848987.jpg</path>
	<source>
		<database>Unknown</database>
	</source>
	<size>
		<width>1280</width>
		<height>853</height>
		<depth>3</depth>
	</size>
	<segmented>0</segmented>
	<object>
		<name>sailboat</name>
		<pose>Unspecified</pose>
		<truncated>0</truncated>
		<difficult>0</difficult>
		<bndbox>
			<xmin>92</xmin>
			<ymin>206</ymin>
			<xmax>136</xmax>
			<ymax>256</ymax>
		</bndbox>
	</object>
	<object>
		<name>sailboat</name>
		<pose>Unspecified</pose>
		<truncated>0</truncated>
		<difficult>0</difficult>
		<bndbox>
			<xmin>277</xmin>
			<ymin>201</ymin>
			<xmax>317</xmax>
			<ymax>262</ymax>
		</bndbox>
	</object>
	<object>
		<name>sailboat</name>
		<pose>Unspecified</pose>
		<truncated>0</truncated>
		<difficult>0</difficult>
		<bndbox>
			<xmin>663</xmin>
			<ymin>196</ymin>
			<xmax>705</xmax>
			<ymax>248</ymax>
		</bndbox>
	</object>
</annotation>
