<annotation>
	<folder>cruise ship</folder>
	<filename>greece-olympia-sea-cruise-boat-ship-medi-106246.jpg</filename>
	<path>C:\Users\51-9302\Desktop\BTRD\BTRD\cruise ship\greece-olympia-sea-cruise-boat-ship-medi-106246.jpg</path>
	<source>
		<database>Unknown</database>
	</source>
	<size>
		<width>1280</width>
		<height>960</height>
		<depth>3</depth>
	</size>
	<segmented>0</segmented>
	<object>
		<name>cruiseship</name>
		<pose>Unspecified</pose>
		<truncated>0</truncated>
		<difficult>0</difficult>
		<bndbox>
			<xmin>63</xmin>
			<ymin>242</ymin>
			<xmax>1243</xmax>
			<ymax>704</ymax>
		</bndbox>
	</object>
</annotation>
