<annotation>
	<folder>sailboat</folder>
	<filename>greece-sea-sailboat-roof-mountains-vacat-2228690.jpg</filename>
	<path>C:\Users\51-9302\Desktop\BTRD\BTRD\sailboat\greece-sea-sailboat-roof-mountains-vacat-2228690.jpg</path>
	<source>
		<database>Unknown</database>
	</source>
	<size>
		<width>1280</width>
		<height>856</height>
		<depth>3</depth>
	</size>
	<segmented>0</segmented>
	<object>
		<name>sailboat</name>
		<pose>Unspecified</pose>
		<truncated>0</truncated>
		<difficult>0</difficult>
		<bndbox>
			<xmin>351</xmin>
			<ymin>295</ymin>
			<xmax>426</xmax>
			<ymax>422</ymax>
		</bndbox>
	</object>
	<object>
		<name>sailboat</name>
		<pose>Unspecified</pose>
		<truncated>0</truncated>
		<difficult>0</difficult>
		<bndbox>
			<xmin>832</xmin>
			<ymin>235</ymin>
			<xmax>865</xmax>
			<ymax>274</ymax>
		</bndbox>
	</object>
</annotation>
