<annotation>
	<folder>kayak</folder>
	<filename>ha-long-bay-vietnam-travel-cruise-2404431.jpg</filename>
	<path>C:\Users\51-9302\Desktop\BTRD\BTRD\kayak\ha-long-bay-vietnam-travel-cruise-2404431.jpg</path>
	<source>
		<database>Unknown</database>
	</source>
	<size>
		<width>1280</width>
		<height>853</height>
		<depth>3</depth>
	</size>
	<segmented>0</segmented>
	<object>
		<name>kayak</name>
		<pose>Unspecified</pose>
		<truncated>0</truncated>
		<difficult>0</difficult>
		<bndbox>
			<xmin>271</xmin>
			<ymin>509</ymin>
			<xmax>401</xmax>
			<ymax>605</ymax>
		</bndbox>
	</object>
	<object>
		<name>kayak</name>
		<pose>Unspecified</pose>
		<truncated>0</truncated>
		<difficult>0</difficult>
		<bndbox>
			<xmin>472</xmin>
			<ymin>507</ymin>
			<xmax>563</xmax>
			<ymax>591</ymax>
		</bndbox>
	</object>
	<object>
		<name>kayak</name>
		<pose>Unspecified</pose>
		<truncated>0</truncated>
		<difficult>0</difficult>
		<bndbox>
			<xmin>991</xmin>
			<ymin>482</ymin>
			<xmax>1114</xmax>
			<ymax>554</ymax>
		</bndbox>
	</object>
</annotation>
